-- phpMyAdmin SQL Dump
-- version 4.9.2
-- https://www.phpmyadmin.net/
--
-- Host: 127.0.0.1
-- Generation Time: Jan 14, 2022 at 05:41 AM
-- Server version: 10.4.11-MariaDB
-- PHP Version: 7.4.1

SET SQL_MODE = "NO_AUTO_VALUE_ON_ZERO";
SET AUTOCOMMIT = 0;
START TRANSACTION;
SET time_zone = "+00:00";


/*!40101 SET @OLD_CHARACTER_SET_CLIENT=@@CHARACTER_SET_CLIENT */;
/*!40101 SET @OLD_CHARACTER_SET_RESULTS=@@CHARACTER_SET_RESULTS */;
/*!40101 SET @OLD_COLLATION_CONNECTION=@@COLLATION_CONNECTION */;
/*!40101 SET NAMES utf8mb4 */;

--
-- Database: `db_ojt`
--

-- --------------------------------------------------------

--
-- Table structure for table `cities`
--

CREATE TABLE `cities` (
  `city_id` varchar(50) NOT NULL,
  `city_name` varchar(300) NOT NULL,
  `province_id` varchar(50) NOT NULL,
  `zipcode` varchar(10) NOT NULL
) ENGINE=InnoDB DEFAULT CHARSET=utf8mb4;

--
-- Dumping data for table `cities`
--

INSERT INTO `cities` (`city_id`, `city_name`, `province_id`, `zipcode`) VALUES
('1', 'Bangued', '1', '2800'),
('10', 'Lagangilang', '1', '2902'),
('100', 'San Jose', '6', '6202'),
('1000', 'Alubijid', '49', '9018'),
('1001', 'Balingasag', '49', '9005'),
('1002', 'Balingoan', '49', '9011'),
('1003', 'Binuangan', '49', '9008'),
('1004', 'Claveria', '49', '9004'),
('1005', 'El Salvador', '49', '9017'),
('1006', 'Gitagum', '49', '9020'),
('1007', 'Initao', '49', '9022'),
('1008', 'Jasaan', '49', '9003'),
('1009', 'Kinoguitan', '49', '9010'),
('101', 'San Remigio', '6', '6011'),
('1010', 'Lagonglong', '49', '9006'),
('1011', 'Laguindingan', '49', '9019'),
('1012', 'Libertad', '49', '9021'),
('1013', 'Lugait', '49', '9025'),
('1014', 'Magsaysay', '49', '9015'),
('1015', 'Manticao', '49', '9024'),
('1016', 'Medina', '49', '9013'),
('1017', 'Naawan', '49', '9023'),
('1018', 'Opol', '49', '9016'),
('1019', 'Salay', '49', '9007'),
('102', 'Sebaste', '6', '5709'),
('1020', 'Sugbongcogon', '49', '9009'),
('1021', 'Tagoloan', '49', '9001'),
('1022', 'Talisayan', '49', '9012'),
('1023', 'Villanueva', '49', '9002'),
('1024', 'Barlig', '50', '2623'),
('1025', 'Bauko', '50', '2621'),
('1026', 'Besao', '50', '2618'),
('1027', 'Bontoc', '50', '2616'),
('1028', 'Natonin', '50', '2624'),
('1029', 'Paracelis', '50', '2625'),
('103', 'Sibalom', '6', '5713'),
('1030', 'Sabangan', '50', '2622'),
('1031', 'Sadanga', '50', '2617'),
('1032', 'Sagada', '50', '2619'),
('1033', 'Tadian', '50', '2620'),
('1034', 'Bacolod City', '51', '6100'),
('1035', 'Bago City', '51', '6101'),
('1036', 'Cadiz City', '51', '6121'),
('1037', 'Escalante City', '51', '6124'),
('1038', 'Himamaylan City', '51', '6108'),
('1039', 'Kabankalan City', '51', '6111'),
('104', 'Tibiao', '6', '5707'),
('1040', 'La Carlota City', '51', '6130'),
('1041', 'Sagay City', '51', '6122'),
('1042', 'San Carlos City', '51', '6127'),
('1043', 'Silay City', '51', '6116'),
('1044', 'Sipalay City', '51', '6113'),
('1045', 'Talisay City', '51', '6115'),
('1046', 'Victorias City', '51', '6119'),
('1047', 'Binalbagan', '51', '6107'),
('1048', 'Calatrava', '51', '6126'),
('1049', 'Candoni', '51', '6110'),
('105', 'Tobias Fornier', '6', '5716'),
('1050', 'Cauayan', '51', '6112'),
('1051', 'Enrique B. Magalona', '51', '6118'),
('1052', 'Hinigaran', '51', '6106'),
('1053', 'Hinoba-an', '51', '6114'),
('1054', 'Ilog', '51', '6109'),
('1055', 'Isabela', '51', '6128'),
('1056', 'La Castellana', '51', '6131'),
('1057', 'Manapla', '51', '6120'),
('1058', 'Moises Padilla', '51', '6132'),
('1059', 'Murcia', '51', '6129'),
('106', 'Valderrama', '6', '5703'),
('1060', 'Pontevedra', '51', '6105'),
('1061', 'Pulupandan', '51', '6102'),
('1062', 'Salvador Benedicto', '51', ''),
('1063', 'San Enrique', '51', '6104'),
('1064', 'Toboso', '51', '6125'),
('1065', 'Valladolid', '51', '6103'),
('1066', 'Bais City', '52', '6206'),
('1067', 'Bayawan City', '52', '6221'),
('1068', 'Canlaon City', '52', '6223'),
('1069', 'Guihulngan City', '52', '6214'),
('107', 'Calanasan', '7', '3814'),
('1070', 'Dumaguete City', '52', '6200'),
('1071', 'Tanjay City', '52', '6204'),
('1072', 'Amlan', '52', '6203'),
('1073', 'Ayungon', '52', '6210'),
('1074', 'Bacong', '52', '6216'),
('1075', 'Basay', '52', '6222'),
('1076', 'Bindoy', '52', '6209'),
('1077', 'Dauin', '52', '6217'),
('1078', 'Jimalalud', '52', '6212'),
('1079', 'La Libertad', '52', '6213'),
('108', 'Conner', '7', '3807'),
('1080', 'Mabinay', '52', '6207'),
('1081', 'Manjuyod', '52', '6208'),
('1082', 'Pamplona', '52', '6205'),
('1083', 'San Jose', '52', '6202'),
('1084', 'Santa Catalina', '52', '6220'),
('1085', 'Siaton', '52', '6219'),
('1086', 'Sibulan', '52', '6201'),
('1087', 'Tayasan', '52', '6211'),
('1088', 'Valencia', '52', '6215'),
('1089', 'Vallehermoso', '52', '6224'),
('109', 'Flora', '7', '3810'),
('1090', 'Zamboanguita', '52', '6218'),
('1091', 'Allen', '53', '6405'),
('1092', 'Biri', '53', '6410'),
('1093', 'Bobon', '53', '6401'),
('1094', 'Capul', '53', '6408'),
('1095', 'Catarman', '53', '6400'),
('1096', 'Catubig', '53', '6418'),
('1097', 'Gamay', '53', '6422'),
('1098', 'Laoang', '53', '6411'),
('1099', 'Lapinig', '53', '6423'),
('11', 'Lagayan', '1', '2824'),
('110', 'Kabugao', '7', '3809'),
('1100', 'Las Navas', '53', '6420'),
('1101', 'Lavezares', '53', '6404'),
('1102', 'Lope de Vega', '53', '6403'),
('1103', 'Mapanas', '53', '6412'),
('1104', 'Mondragon', '53', '6417'),
('1105', 'Palapag', '53', '6421'),
('1106', 'Pambujan', '53', '6413'),
('1107', 'Rosario', '53', '6416'),
('1108', 'San Antonio', '53', '6407'),
('1109', 'San Isidro', '53', '6409'),
('111', 'Luna', '7', '3813'),
('1110', 'San Jose', '53', '6402'),
('1111', 'San Roque', '53', '6415'),
('1112', 'San Vicente', '53', '6419'),
('1113', 'Silvino Lobos', '53', '6414'),
('1114', 'Victoria', '53', '6406'),
('1115', 'Cabanatuan City', '54', '3100'),
('1116', 'Gapan City', '54', '3105'),
('1117', 'Science City of Muñoz', '54', ''),
('1118', 'Palayan City', '54', '3132'),
('1119', 'San Jose City', '54', '3121'),
('112', 'Pudtol', '7', '3812'),
('1120', 'Aliaga', '54', '3111'),
('1121', 'Bongabon', '54', '3128'),
('1122', 'Cabiao', '54', '3107'),
('1123', 'Carranglan', '54', '3123'),
('1124', 'Cuyapo', '54', '3117'),
('1125', 'Gabaldon', '54', '3131'),
('1126', 'General Mamerto Natividad', '54', '3125'),
('1127', 'General Tinio', '54', '3104'),
('1128', 'Guimba', '54', '3115'),
('1129', 'Jaen', '54', '3109'),
('113', 'Santa Marcela', '7', '3811'),
('1130', 'Laur', '54', '3129'),
('1131', 'Licab', '54', '3112'),
('1132', 'Llanera', '54', '3126'),
('1133', 'Lupao', '54', '3122'),
('1134', 'Nampicuan', '54', '3116'),
('1135', 'Pantabangan', '54', '3124'),
('1136', 'Peñaranda', '54', '3103'),
('1137', 'Quezon', '54', '3113'),
('1138', 'Rizal', '54', '3127'),
('1139', 'San Antonio', '54', '3108'),
('114', 'Baler', '8', '3200'),
('1140', 'San Isidro', '54', '3106'),
('1141', 'San Leonardo', '54', '3102'),
('1142', 'Santa Rosa', '54', '3101'),
('1143', 'Santo Domingo', '54', '3133'),
('1144', 'Talavera', '54', '3114'),
('1145', 'Talugtug', '54', ''),
('1146', 'Zaragoza', '54', ''),
('1147', 'Alfonso Castaneda', '55', ''),
('1148', 'Ambaguio', '55', '3701'),
('1149', 'Aritao', '55', '3704'),
('115', 'Casiguran', '8', '3204'),
('1150', 'Bagabag', '55', '3711'),
('1151', 'Bambang', '55', '3702'),
('1152', 'Bayombong', '55', '3700'),
('1153', 'Diadi', '55', '3712'),
('1154', 'Dupax del Norte', '55', '3706'),
('1155', 'Dupax del Sur', '55', '3707'),
('1156', 'Kasibu', '55', '3703'),
('1157', 'Kayapa', '55', '3708'),
('1158', 'Quezon', '55', '3713'),
('1159', 'Santa Fe', '55', '3705'),
('116', 'Dilasag', '8', '3205'),
('1160', 'Solano', '55', '3709'),
('1161', 'Villaverde', '55', '3710'),
('1162', 'Abra de Ilog', '56', '5108'),
('1163', 'Calintaan', '56', '5102'),
('1164', 'Looc', '56', '5111'),
('1165', 'Lubang', '56', '5109'),
('1166', 'Magsaysay', '56', '5101'),
('1167', 'Mamburao', '56', '5106'),
('1168', 'Paluan', '56', '5107'),
('1169', 'Rizal', '56', '5103'),
('117', 'Dinalungan', '8', '3206'),
('1170', 'Sablayan', '56', '5104'),
('1171', 'San Jose', '56', '5100'),
('1172', 'Santa Cruz', '56', '5105'),
('1173', 'Calapan City', '57', '5200'),
('1174', 'Baco', '57', '5201'),
('1175', 'Bansud', '57', '5210'),
('1176', 'Bongabong', '57', '5211'),
('1177', 'Bulalacao', '57', '5214'),
('1178', 'Gloria', '57', '5209'),
('1179', 'Mansalay', '57', '5213'),
('118', 'Dingalan', '8', '3207'),
('1180', 'Naujan', '57', '5204'),
('1181', 'Pinamalayan', '57', '5208'),
('1182', 'Pola', '57', '5206'),
('1183', 'Puerto Galera', '57', '5203'),
('1184', 'Roxas', '57', '5212'),
('1185', 'San Teodoro', '57', '5202'),
('1186', 'Socorro', '57', '5207'),
('1187', 'Victoria', '57', '5205'),
('1188', 'Puerto Princesa City', '58', '5300'),
('1189', 'Aborlan', '58', '5302'),
('119', 'Dipaculao', '8', '3203'),
('1190', 'Agutaya', '58', '5320'),
('1191', 'Araceli', '58', '5311'),
('1192', 'Balabac', '58', '5307'),
('1193', 'Bataraza', '58', '5306'),
('1194', 'Brooke\'s Point', '58', '5305'),
('1195', 'Busuanga', '58', '5317'),
('1196', 'Cagayancillo', '58', '5321'),
('1197', 'Coron', '58', '5316'),
('1198', 'Culion', '58', '5315'),
('1199', 'Cuyo', '58', '5318'),
('12', 'Langiden', '1', '2807'),
('120', 'Maria Aurora', '8', '3202'),
('1200', 'Dumaran', '58', '5310'),
('1201', 'El Nido', '58', '5313'),
('1202', 'Kalayaan', '58', '5322'),
('1203', 'Linapacan', '58', '5314'),
('1204', 'Magsaysay', '58', '5319'),
('1205', 'Narra', '58', '5303'),
('1206', 'Quezon', '58', '5304'),
('1207', 'Rizal', '58', '7104'),
('1208', 'Roxas', '58', '5308'),
('1209', 'San Vicente', '58', '5309'),
('121', 'San Luis', '8', '3201'),
('1210', 'Sofronio Española', '58', ''),
('1211', 'Taytay', '58', '5312'),
('1212', 'Angeles City', '59', '2009'),
('1213', 'City of San Fernando', '59', '2000'),
('1214', 'Apalit', '59', '2016'),
('1215', 'Arayat', '59', '2012'),
('1216', 'Bacolor', '59', '2001'),
('1217', 'Candaba', '59', '2013'),
('1218', 'Floridablanca', '59', '2006'),
('1219', 'Guagua', '59', '2003'),
('122', 'Isabela City', '9', '7300'),
('1220', 'Lubao', '59', '2005'),
('1221', 'Mabalacat', '59', '2010'),
('1222', 'Macabebe', '59', '2018'),
('1223', 'Magalang', '59', '2011'),
('1224', 'Masantol', '59', '2017'),
('1225', 'Mexico', '59', '2021'),
('1226', 'Minalin', '59', '2019'),
('1227', 'Porac', '59', '2008'),
('1228', 'San Luis', '59', '2014'),
('1229', 'San Simon', '59', '2015'),
('123', 'Akbar', '9', ''),
('1230', 'Santa Ana', '59', '2022'),
('1231', 'Santa Rita', '59', '2002'),
('1232', 'Santo Tomas', '59', '2020'),
('1233', 'Sasmuan', '59', ''),
('1234', 'Alaminos City', '60', '2404'),
('1235', 'Dagupan City', '60', '2400'),
('1236', 'San Carlos City', '60', '2420'),
('1237', 'Urdaneta City', '60', '2428'),
('1238', 'Agno', '60', '2408'),
('1239', 'Aguilar', '60', '2415'),
('124', 'Al-Barka', '9', ''),
('1240', 'Alcala', '60', '2425'),
('1241', 'Anda', '60', '2405'),
('1242', 'Asingan', '60', '2439'),
('1243', 'Balungao', '60', '2442'),
('1244', 'Bani', '60', '2407'),
('1245', 'Basista', '60', '2422'),
('1246', 'Bautista', '60', '2424'),
('1247', 'Bayambang', '60', '2423'),
('1248', 'Binalonan', '60', '2436'),
('1249', 'Binmaley', '60', '2417'),
('125', 'Hadji Mohammad Ajul', '9', ''),
('1250', 'Bolinao', '60', '2406'),
('1251', 'Bugallon', '60', '2416'),
('1252', 'Burgos', '60', '2410'),
('1253', 'Calasiao', '60', '2418'),
('1254', 'Dasol', '60', '2411'),
('1255', 'Infanta', '60', '2412'),
('1256', 'Labrador', '60', '2402'),
('1257', 'Laoac', '60', '2437'),
('1258', 'Lingayen', '60', '2401'),
('1259', 'Mabini', '60', '2409'),
('126', 'Hadji Muhtamad', '9', ''),
('1260', 'Malasiqui', '60', '2421'),
('1261', 'Manaoag', '60', '2430'),
('1262', 'Mangaldan', '60', '2432'),
('1263', 'Mangatarem', '60', '2413'),
('1264', 'Mapandan', '60', '2429'),
('1265', 'Natividad', '60', '2446'),
('1266', 'Pozzorubio', '60', ''),
('1267', 'Rosales', '60', '2441'),
('1268', 'San Fabian', '60', '2433'),
('1269', 'San Jacinto', '60', '2431'),
('127', 'Lamitan', '9', '7302'),
('1270', 'San Manuel', '60', '2438'),
('1271', 'San Nicolas', '60', '2447'),
('1272', 'San Quintin', '60', '2444'),
('1273', 'Santa Barbara', '60', '2419'),
('1274', 'Santa Maria', '60', '2440'),
('1275', 'Santo Tomas', '60', '2426'),
('1276', 'Sison', '60', '2434'),
('1277', 'Sual', '60', '2403'),
('1278', 'Tayug', '60', '2445'),
('1279', 'Umingan', '60', '2443'),
('128', 'Lantawan', '9', '7301'),
('1280', 'Urbiztondo', '60', '2414'),
('1281', 'Villasis', '60', '2427'),
('1282', 'Lucena City', '61', '4301'),
('1283', 'Tayabas City', '61', '4327'),
('1284', 'Agdangan', '61', '4304'),
('1285', 'Alabat', '61', '4333'),
('1286', 'Atimonan', '61', '4331'),
('1287', 'Buenavista', '61', '4320'),
('1288', 'Burdeos', '61', '4340'),
('1289', 'Calauag', '61', '4318'),
('129', 'Maluso', '9', '7303'),
('1290', 'Candelaria', '61', '4323'),
('1291', 'Catanauan', '61', '4311'),
('1292', 'Dolores', '61', '4326'),
('1293', 'General Luna', '61', '4310'),
('1294', 'General Nakar', '61', '4338'),
('1295', 'Guinayangan', '61', '4319'),
('1296', 'Gumaca', '61', '4307'),
('1297', 'Infanta', '61', '4336'),
('1298', 'Jomalig', '61', '4342'),
('1299', 'Lopez', '61', '4316'),
('13', 'Licuan-Baay', '1', ''),
('130', 'Sumisip', '9', '7305'),
('1300', 'Lucban', '61', '4328'),
('1301', 'Macalelon', '61', '4309'),
('1302', 'Mauban', '61', '4330'),
('1303', 'Mulanay', '61', '4312'),
('1304', 'Padre Burgos', '61', '4303'),
('1305', 'Pagbilao', '61', '4302'),
('1306', 'Panukulan', '61', '4337'),
('1307', 'Patnanungan', '61', '4341'),
('1308', 'Perez', '61', '4334'),
('1309', 'Pitogo', '61', '4308'),
('131', 'Tabuan-Lasa', '9', ''),
('1310', 'Plaridel', '61', '4306'),
('1311', 'Polillo', '61', '4339'),
('1312', 'Quezon', '61', '4304'),
('1313', 'Real', '61', '4335'),
('1314', 'Sampaloc', '61', '4329'),
('1315', 'San Andres', '61', '4314'),
('1316', 'San Antonio', '61', '4324'),
('1317', 'San Francisco', '61', '4315'),
('1318', 'San Narciso', '61', '4313'),
('1319', 'Sariaya', '61', '4322'),
('132', 'Tipo-Tipo', '9', '7304'),
('1320', 'Tagkawayan', '61', '4321'),
('1321', 'Tiaong', '61', '4325'),
('1322', 'Unisan', '61', '4305'),
('1323', 'Aglipay', '62', '3403'),
('1324', 'Cabarroguis', '62', '3400'),
('1325', 'Diffun', '62', '3401'),
('1326', 'Maddela', '62', '3404'),
('1327', 'Nagtipunan', '62', '3405'),
('1328', 'Saguday', '62', '3402'),
('1329', 'Antipolo City', '63', '1870'),
('133', 'Tuburan', '9', '7306'),
('1330', 'Angono', '63', '1930'),
('1331', 'Baras', '63', '1970'),
('1332', 'Binangonan', '63', '1940'),
('1333', 'Cainta', '63', '1900'),
('1334', 'Cardona', '63', '1950'),
('1335', 'Jalajala', '63', ''),
('1336', 'Morong', '63', '1960'),
('1337', 'Pililla', '63', '1910'),
('1338', 'Rodriguez', '63', '1860'),
('1339', 'San Mateo', '63', '1850'),
('134', 'Ungkaya Pukan', '9', ''),
('1340', 'Tanay', '63', '1980'),
('1341', 'Taytay', '63', '1920'),
('1342', 'Teresa', '63', '1880'),
('1343', 'Alcantara', '64', '5509'),
('1344', 'Banton', '64', '5515'),
('1345', 'Cajidiocan', '64', '5512'),
('1346', 'Calatrava', '64', '5503'),
('1347', 'Concepcion', '64', '5516'),
('1348', 'Corcuera', '64', '5514'),
('1349', 'Ferrol', '64', '5506'),
('135', 'Balanga City', '10', '2100'),
('1350', 'Looc', '64', '5507'),
('1351', 'Magdiwang', '64', '5511'),
('1352', 'Odiongan', '64', '5505'),
('1353', 'Romblon', '64', '5509'),
('1354', 'San Agustin', '64', '5501'),
('1355', 'San Andres', '64', '5504'),
('1356', 'San Fernando', '64', '5513'),
('1357', 'San Jose', '64', '5510'),
('1358', 'Santa Fe', '64', '5508'),
('1359', 'Santa Maria', '64', '5502'),
('136', 'Abucay', '10', '2114'),
('1360', 'Calbayog City', '65', '6710'),
('1361', 'Catbalogan City', '65', '6700'),
('1362', 'Almagro', '65', '6724'),
('1363', 'Basey', '65', '6720'),
('1364', 'Calbiga', '65', '6715'),
('1365', 'Daram', '65', '6722'),
('1366', 'Gandara', '65', '6706'),
('1367', 'Hinabangan', '65', '6713'),
('1368', 'Jiabong', '65', '6701'),
('1369', 'Marabut', '65', '6721'),
('137', 'Bagac', '10', '2107'),
('1370', 'Matuguinao', '65', '6708'),
('1371', 'Motiong', '65', '6702'),
('1372', 'Pagsanghan', '65', '6705'),
('1373', 'Paranas', '65', '6703'),
('1374', 'Pinabacdao', '65', '6716'),
('1375', 'San Jorge', '65', '6707'),
('1376', 'San Jose De Buan', '65', '6723'),
('1377', 'San Sebastian', '65', '6714'),
('1378', 'Santa Margarita', '65', '6709'),
('1379', 'Santa Rita', '65', '6718'),
('138', 'Dinalupihan', '10', '2110'),
('1380', 'Santo Niño', '65', '6711'),
('1381', 'Tagapul-an', '65', '6712'),
('1382', 'Talalora', '65', '6719'),
('1383', 'Tarangnan', '65', '6704'),
('1384', 'Villareal', '65', '6717'),
('1385', 'Zumarraga', '65', '6725'),
('1386', 'Alabel', '66', '9501'),
('1387', 'Glan', '66', '9517'),
('1388', 'Kiamba', '66', '9514'),
('1389', 'Maasim', '66', '9502'),
('139', 'Hermosa', '10', '2111'),
('1390', 'Maitum', '66', '9515'),
('1391', 'Malapatan', '66', '9516'),
('1392', 'Malungon', '66', '9503'),
('1393', 'Enrique Villanueva', '67', '6230'),
('1394', 'Larena', '67', '6226'),
('1395', 'Lazi', '67', '6228'),
('1396', 'Maria', '67', '6229'),
('1397', 'San Juan', '67', '6227'),
('1398', 'Siquijor', '67', '6230'),
('1399', 'Sorsogon City', '68', '4701'),
('14', 'Luba', '1', '2813'),
('140', 'Limay', '10', '2103'),
('1400', 'Barcelona', '68', '4712'),
('1401', 'Bulan', '68', '4706'),
('1402', 'Bulusan', '68', '4704'),
('1403', 'Casiguran', '68', '4702'),
('1404', 'Castilla', '68', '4713'),
('1405', 'Donsol', '68', '4715'),
('1406', 'Gubat', '68', '4710'),
('1407', 'Irosin', '68', '4707'),
('1408', 'Juban', '68', '4703'),
('1409', 'Magallanes', '68', '4705'),
('141', 'Mariveles', '10', '2106'),
('1410', 'Matnog', '68', '4708'),
('1411', 'Pilar', '68', '4714'),
('1412', 'Prieto Diaz', '68', '4711'),
('1413', 'Santa Magdalena', '68', '4709'),
('1414', 'General Santos City', '69', '9500'),
('1415', 'Koronadal City', '69', '9506'),
('1416', 'Banga', '69', '9511'),
('1417', 'Lake Sebu', '69', ''),
('1418', 'Norala', '69', '9508'),
('1419', 'Polomolok', '69', '9504'),
('142', 'Morong', '10', '2108'),
('1420', 'Santo Niño', '69', '9509'),
('1421', 'Surallah', '69', '9512'),
('1422', 'T\'boli', '69', '9513'),
('1423', 'Tampakan', '69', '9507'),
('1424', 'Tantangan', '69', '9510'),
('1425', 'Tupi', '69', '9505'),
('1426', 'Maasin City', '70', '6600'),
('1427', 'Anahawan', '70', '6610'),
('1428', 'Bontoc', '70', '6604'),
('1429', 'Hinunangan', '70', '6608'),
('143', 'Orani', '10', '2112'),
('1430', 'Hinundayan', '70', '6609'),
('1431', 'Libagon', '70', '6615'),
('1432', 'Liloan', '70', '6612'),
('1433', 'Limasawa', '70', ''),
('1434', 'Macrohon', '70', '6601'),
('1435', 'Malitbog', '70', '6603'),
('1436', 'Padre Burgos', '70', '6602'),
('1437', 'Pintuyan', '70', '6614'),
('1438', 'Saint Bernard', '70', '6616'),
('1439', 'San Francisco', '70', '6613'),
('144', 'Orion', '10', '2102'),
('1440', 'San Juan', '70', '6611'),
('1441', 'San Ricardo', '70', '6617'),
('1442', 'Silago', '70', '6607'),
('1443', 'Sogod', '70', '6606'),
('1444', 'Tomas Oppus', '70', '6605'),
('1445', 'Tacurong City', '71', '9800'),
('1446', 'Bagumbayan', '71', '9810'),
('1447', 'Columbio', '71', '9801'),
('1448', 'Esperanza', '71', '9806'),
('1449', 'Isulan', '71', '9805'),
('145', 'Pilar', '10', '2101'),
('1450', 'Kalamansig', '71', '9808'),
('1451', 'Lambayong', '71', '9802'),
('1452', 'Lebak', '71', '9807'),
('1453', 'Lutayan', '71', '9803'),
('1454', 'Palimbang', '71', '9809'),
('1455', 'President Quirino', '71', '9804'),
('1456', 'Senator Ninoy Aquino', '71', '9811'),
('1457', 'Banguingui', '72', ''),
('1458', 'Hadji Panglima Tahil', '72', ''),
('1459', 'Indanan', '72', '7407'),
('146', 'Samal', '10', '2113'),
('1460', 'Jolo', '72', '7400'),
('1461', 'Kalingalan Caluang', '72', ''),
('1462', 'Lugus', '72', '7411'),
('1463', 'Luuk', '72', '7404'),
('1464', 'Maimbung', '72', '7409'),
('1465', 'Old Panamao', '72', ''),
('1466', 'Omar', '72', ''),
('1467', 'Pandami', '72', ''),
('1468', 'Panglima Estino', '72', '7415'),
('1469', 'Pangutaran', '72', ''),
('147', 'Basco', '11', '3900'),
('1470', 'Parang', '72', '7408'),
('1471', 'Pata', '72', '7405'),
('1472', 'Patikul', '72', '7401'),
('1473', 'Siasi', '72', '7412'),
('1474', 'Talipao', '72', '7403'),
('1475', 'Tapul', '72', '7410'),
('1476', 'Surigao City', '73', '8425'),
('1477', 'Alegria', '73', '8425'),
('1478', 'Bacuag', '73', '8408'),
('1479', 'Basilisa', '73', '8413'),
('148', 'Itbayat', '11', '3905'),
('1480', 'Burgos', '73', '8424'),
('1481', 'Cagdianao', '73', '8411'),
('1482', 'Claver', '73', '8410'),
('1483', 'Dapa', '73', '8417'),
('1484', 'Del Carmen', '73', '8418'),
('1485', 'Dinagat', '73', '8412'),
('1486', 'General Luna', '73', '8419'),
('1487', 'Gigaquit', '73', '8409'),
('1488', 'Libjo', '73', '8414'),
('1489', 'Loreto', '73', '8415'),
('149', 'Ivana', '11', '3902'),
('1490', 'Mainit', '73', '8407'),
('1491', 'Malimono', '73', ''),
('1492', 'Pilar', '73', '8420'),
('1493', 'Placer', '73', '8405'),
('1494', 'San Benito', '73', '8423'),
('1495', 'San Francisco', '73', '8401'),
('1496', 'San Isidro', '73', '8421'),
('1497', 'San Jose', '73', '8427'),
('1498', 'Santa Monica', '73', '8422'),
('1499', 'Sison', '73', '8404'),
('15', 'Malibcong', '1', '2820'),
('150', 'Mahatao', '11', '3901'),
('1500', 'Socorro', '73', '8416'),
('1501', 'Tagana-an', '73', ''),
('1502', 'Tubajon', '73', ''),
('1503', 'Tubod', '73', ''),
('1504', 'Bislig City', '74', '8311'),
('1505', 'Tandag City', '74', '8300'),
('1506', 'Barobo', '74', '8309'),
('1507', 'Bayabas', '74', '8303'),
('1508', 'Cagwait', '74', '8304'),
('1509', 'Cantilan', '74', ''),
('151', 'Sabtang', '11', '3904'),
('1510', 'Carmen', '74', '8315'),
('1511', 'Carrascal', '74', '8318'),
('1512', 'Cortes', '74', ''),
('1513', 'Hinatuan', '74', '8310'),
('1514', 'Lanuza', '74', '8314'),
('1515', 'Lianga', '74', '8307'),
('1516', 'Lingig', '74', '8312'),
('1517', 'Madrid', '74', '8316'),
('1518', 'Marihatag', '74', '8306'),
('1519', 'San Agustin', '74', '8305'),
('152', 'Uyugan', '11', '3903'),
('1520', 'San Miguel', '74', '8301'),
('1521', 'Tagbina', '74', '8308'),
('1522', 'Tago', '74', '8302'),
('1523', 'Tarlac City', '75', '2310'),
('1524', 'Anao', '75', '2310'),
('1525', 'Bamban', '75', '2317'),
('1526', 'Camiling', '75', '2306'),
('1527', 'Capas', '75', '2315'),
('1528', 'Concepcion', '75', '2316'),
('1529', 'Gerona', '75', '2302'),
('153', 'Batangas City', '12', '4200'),
('1530', 'La Paz', '75', '2314'),
('1531', 'Mayantoc', '75', '2304'),
('1532', 'Moncada', '75', '2308'),
('1533', 'Paniqui', '75', '2307'),
('1534', 'Pura', '75', '2312'),
('1535', 'Ramos', '75', '2311'),
('1536', 'San Clemente', '75', '2305'),
('1537', 'San Jose', '75', '4227'),
('1538', 'San Manuel', '75', '2309'),
('1539', 'Santa Ignacia', '75', '2303'),
('154', 'Lipa City', '12', '4217'),
('1540', 'Victoria', '75', '2313'),
('1541', 'Bongao', '76', '7500'),
('1542', 'Languyan', '76', '7509'),
('1543', 'Mapun', '76', ''),
('1544', 'Panglima Sugala', '76', ''),
('1545', 'Sapa-Sapa', '76', '7503'),
('1546', 'Sibutu', '76', ''),
('1547', 'Simunul', '76', ''),
('1548', 'Sitangkai', '76', '7506'),
('1549', 'South Ubian', '76', '7504'),
('155', 'Tanauan City', '12', '4232'),
('1550', 'Tandubas', '76', ''),
('1551', 'Turtle Islands', '76', '7507'),
('1552', 'Olongapo City', '77', '2200'),
('1553', 'Botolan', '77', '2202'),
('1554', 'Cabangan', '77', '2203'),
('1555', 'Candelaria', '77', '2212'),
('1556', 'Castillejos', '77', ''),
('1557', 'Iba', '77', '2201'),
('1558', 'Masinloc', '77', '2211'),
('1559', 'Palauig', '77', '2210'),
('156', 'Agoncillo', '12', '4211'),
('1560', 'San Antonio', '77', '2206'),
('1561', 'San Felipe', '77', '2204'),
('1562', 'San Marcelino', '77', '2207'),
('1563', 'San Narciso', '77', '2205'),
('1564', 'Santa Cruz', '77', '2213'),
('1565', 'Subic', '77', ''),
('1566', 'Dapitan City', '78', '7101'),
('1567', 'Dipolog City', '78', '7100'),
('1568', 'Bacungan', '78', ''),
('1569', 'Baliguian', '78', '7123'),
('157', 'Alitagtag', '12', '4205'),
('1570', 'Godod', '78', ''),
('1571', 'Gutalac', '78', '7118'),
('1572', 'Jose Dalman', '78', '7111'),
('1573', 'Kalawit', '78', '7124'),
('1574', 'Katipunan', '78', '7109'),
('1575', 'La Libertad', '78', '7119'),
('1576', 'Labason', '78', '7117'),
('1577', 'Liloy', '78', '7115'),
('1578', 'Manukan', '78', '7110'),
('1579', 'Mutia', '78', '7107'),
('158', 'Balayan', '12', '4213'),
('1580', 'Piñan', '78', '7105'),
('1581', 'Polanco', '78', '7106'),
('1582', 'President Manuel A. Roxas', '78', ''),
('1583', 'Rizal', '78', '7104'),
('1584', 'Salug', '78', '7114'),
('1585', 'Sergio Osmeña Sr.', '78', ''),
('1586', 'Siayan', '78', '7113'),
('1587', 'Sibuco', '78', '7122'),
('1588', 'Sibutad', '78', '7103'),
('1589', 'Sindangan', '78', '7112'),
('159', 'Balete', '12', ''),
('1590', 'Siocon', '78', '7120'),
('1591', 'Sirawai', '78', ''),
('1592', 'Tampilisan', '78', '7116'),
('1593', 'Pagadian City', '79', '7016'),
('1594', 'Zamboanga City', '79', '7000'),
('1595', 'Aurora', '79', '7020'),
('1596', 'Bayog', '79', '7011'),
('1597', 'Dimataling', '79', '7032'),
('1598', 'Dinas', '79', '7030'),
('1599', 'Dumalinao', '79', '7015'),
('16', 'Manabo', '1', '2810'),
('160', 'Bauan', '12', '4201'),
('1600', 'Dumingag', '79', '7028'),
('1601', 'Guipos', '79', '7042'),
('1602', 'Josefina', '79', '7027'),
('1603', 'Kumalarang', '79', '7013'),
('1604', 'Labangan', '79', '7017'),
('1605', 'Lakewood', '79', '7014'),
('1606', 'Lapuyan', '79', '7037'),
('1607', 'Mahayag', '79', '7026'),
('1608', 'Margosatubig', '79', ''),
('1609', 'Midsalip', '79', '7021'),
('161', 'Calaca', '12', '4212'),
('1610', 'Molave', '79', '7023'),
('1611', 'Pitogo', '79', '7033'),
('1612', 'Ramon Magsaysay', '79', '7024'),
('1613', 'San Miguel', '79', '7029'),
('1614', 'San Pablo', '79', '7031'),
('1615', 'Sominot', '79', ''),
('1616', 'Tabina', '79', '7034'),
('1617', 'Tambulig', '79', '7025'),
('1618', 'Tigbao', '79', '7043'),
('1619', 'Tukuran', '79', '7019'),
('162', 'Calatagan', '12', '4215'),
('1620', 'Vincenzo A. Sagun', '79', ''),
('1621', 'Alicia', '80', '7040'),
('1622', 'Buug', '80', ''),
('1623', 'Diplahan', '80', '7039'),
('1624', 'Imelda', '80', '7007'),
('1625', 'Ipil', '80', '7001'),
('1626', 'Kabasalan', '80', '7005'),
('1627', 'Mabuhay', '80', '7010'),
('1628', 'Malangas', '80', '7038'),
('1629', 'Naga', '80', '7004'),
('163', 'Cuenca', '12', '4222'),
('1630', 'Olutanga', '80', '7041'),
('1631', 'Payao', '80', '7008'),
('1632', 'Roseller Lim', '80', '7002'),
('1633', 'Siay', '80', '7006'),
('1634', 'Talusan', '80', '7012'),
('1635', 'Titay', '80', '7003'),
('1636', 'Tungawan', '80', '7018'),
('164', 'Ibaan', '12', '4230'),
('165', 'Laurel', '12', '4221'),
('166', 'Lemery', '12', '4209'),
('167', 'Lian', '12', '4216'),
('168', 'Lobo', '12', '4229'),
('169', 'Mabini', '12', '4202'),
('17', 'Peñarrubia', '1', ''),
('170', 'Malvar', '12', '4233'),
('171', 'Mataas na Kahoy', '12', '4223'),
('172', 'Nasugbu', '12', '4231'),
('173', 'Padre Garcia', '12', '4224'),
('174', 'Rosario', '12', '4225'),
('175', 'San Jose', '12', '4227'),
('176', 'San Juan', '12', '4226'),
('177', 'San Luis', '12', '4210'),
('178', 'San Nicolas', '12', '4207'),
('179', 'San Pascual', '12', '4204'),
('18', 'Pidigan', '1', '2806'),
('180', 'Santa Teresita', '12', '4206'),
('181', 'Santo Tomas', '12', '4234'),
('182', 'Taal', '12', '4208'),
('183', 'Talisay', '12', '4220'),
('184', 'Taysan', '12', '4228'),
('185', 'Tingloy', '12', '4203'),
('186', 'Tuy', '12', '4214'),
('187', 'Baguio City', '13', '2600'),
('188', 'Atok', '13', '2612'),
('189', 'Bakun', '13', '2610'),
('19', 'Pilar', '1', '2812'),
('190', 'Bokod', '13', '2605'),
('191', 'Buguias', '13', '2607'),
('192', 'Itogon', '13', '2604'),
('193', 'Kabayan', '13', '2606'),
('194', 'Kapangan', '13', '2613'),
('195', 'Kibungan', '13', '2611'),
('196', 'La Trinidad', '13', '2601'),
('197', 'Mankayan', '13', '2608'),
('198', 'Sablan', '13', '2614'),
('199', 'Tuba', '13', '2603'),
('2', 'Boliney', '1', '2815'),
('20', 'Sallapadan', '1', '2818'),
('200', 'Tublay', '13', '2615'),
('201', 'Almeria', '14', '6544'),
('202', 'Biliran', '14', '6544'),
('203', 'Cabucgayan', '14', '6550'),
('204', 'Caibiran', '14', '6548'),
('205', 'Culaba', '14', '6547'),
('206', 'Kawayan', '14', '6545'),
('207', 'Maripipi', '14', '6546'),
('208', 'Naval', '14', '6543'),
('209', 'Tagbilaran City', '15', '6300'),
('21', 'San Isidro', '1', '2809'),
('210', 'Alburquerque', '15', ''),
('211', 'Alicia', '15', '6314'),
('212', 'Anda', '15', '6311'),
('213', 'Antequera', '15', '6335'),
('214', 'Baclayon', '15', '6301'),
('215', 'Balilihan', '15', '6342'),
('216', 'Batuan', '15', '6318'),
('217', 'Bien Unido', '15', '6326'),
('218', 'Bilar', '15', '6317'),
('219', 'Buenavista', '15', '6333'),
('22', 'San Juan', '1', '2823'),
('220', 'Calape', '15', '6328'),
('221', 'Candijay', '15', '6312'),
('222', 'Carmen', '15', '6319'),
('223', 'Catigbian', '15', '6343'),
('224', 'Clarin', '15', '6330'),
('225', 'Corella', '15', '6337'),
('226', 'Cortes', '15', ''),
('227', 'Dagohoy', '15', '6322'),
('228', 'Danao', '15', '6344'),
('229', 'Dauis', '15', '6339'),
('23', 'San Quintin', '1', '2808'),
('230', 'Dimiao', '15', '6305'),
('231', 'Duero', '15', '6309'),
('232', 'Garcia Hernandez', '15', '6307'),
('233', 'Getafe', '15', ''),
('234', 'Guindulman', '15', '6310'),
('235', 'Inabanga', '15', '6332'),
('236', 'Jagna', '15', '6308'),
('237', 'Lila', '15', '6304'),
('238', 'Loay', '15', '6303'),
('239', 'Loboc', '15', '6316'),
('24', 'Tayum', '1', '2803'),
('240', 'Loon', '15', '6327'),
('241', 'Mabini', '15', '6313'),
('242', 'Maribojoc', '15', '6336'),
('243', 'Panglao', '15', '6340'),
('244', 'Pilar', '15', '6321'),
('245', 'President Carlos P. Garcia', '15', ''),
('246', 'Sagbayan', '15', '6331'),
('247', 'San Isidro', '15', '6345'),
('248', 'San Miguel', '15', '6323'),
('249', 'Sevilla', '15', '6347'),
('25', 'Tineg', '1', '2822'),
('250', 'Sierra Bullones', '15', '6320'),
('251', 'Sikatuna', '15', '6338'),
('252', 'Talibon', '15', '6325'),
('253', 'Trinidad', '15', '6324'),
('254', 'Tubigon', '15', '6329'),
('255', 'Ubay', '15', '6315'),
('256', 'Valencia', '15', '6306'),
('257', 'Malaybalay City', '16', '8700'),
('258', 'Valencia City', '16', '8709'),
('259', 'Baungon', '16', '8707'),
('26', 'Tubo', '1', '2814'),
('260', 'Cabanglasan', '16', '8723'),
('261', 'Damulog', '16', '8721'),
('262', 'Dangcagan', '16', '8719'),
('263', 'Don Carlos', '16', '8712'),
('264', 'Impasug-ong', '16', '8702'),
('265', 'Kadingilan', '16', '8713'),
('266', 'Kalilangan', '16', '8718'),
('267', 'Kibawe', '16', '8720'),
('268', 'Kitaotao', '16', '8716'),
('269', 'Lantapan', '16', '8722'),
('27', 'Villaviciosa', '1', '2811'),
('270', 'Libona', '16', '8706'),
('271', 'Malitbog', '16', '8704'),
('272', 'Manolo Fortich', '16', '8703'),
('273', 'Maramag', '16', '8714'),
('274', 'Pangantucan', '16', '8717'),
('275', 'Quezon', '16', '8715'),
('276', 'San Fernando', '16', '8711'),
('277', 'Sumilao', '16', '8701'),
('278', 'Talakag', '16', '8708'),
('279', 'Malolos City', '17', '3000'),
('28', 'Butuan City', '2', '8600'),
('280', 'Meycauayan City', '17', '3020'),
('281', 'San Jose del Monte City', '17', '3023'),
('282', 'Angat', '17', '3012'),
('283', 'Balagtas', '17', '3016'),
('284', 'Baliuag', '17', '3006'),
('285', 'Bocaue', '17', '3018'),
('286', 'Bulacan', '17', '3012'),
('287', 'Bustos', '17', '3007'),
('288', 'Calumpit', '17', '3003'),
('289', 'Doña Remedios Trinidad', '17', ''),
('29', 'Buenavista', '2', '8601'),
('290', 'Guiguinto', '17', '3015'),
('291', 'Hagonoy', '17', '3002'),
('292', 'Marilao', '17', '3019'),
('293', 'Norzagaray', '17', '3013'),
('294', 'Obando', '17', '3021'),
('295', 'Pandi', '17', '3014'),
('296', 'Paombong', '17', '3001'),
('297', 'Plaridel', '17', '3004'),
('298', 'Pulilan', '17', '3005'),
('299', 'San Ildefonso', '17', '3010'),
('3', 'Bucay', '1', '2805'),
('30', 'Cabadbaran', '2', '8605'),
('300', 'San Miguel', '17', '3011'),
('301', 'San Rafael', '17', '3008'),
('302', 'Santa Maria', '17', '3022'),
('303', 'Tuguegarao City', '18', '3500'),
('304', 'Abulug', '18', '3517'),
('305', 'Alcala', '18', '3507'),
('306', 'Allacapan', '18', '3523'),
('307', 'Amulung', '18', '3505'),
('308', 'Aparri', '18', '3515'),
('309', 'Baggao', '18', '3506'),
('31', 'Carmen', '2', '8603'),
('310', 'Ballesteros', '18', '3516'),
('311', 'Buguey', '18', '3511'),
('312', 'Calayan', '18', '3520'),
('313', 'Camalaniugan', '18', '3510'),
('314', 'Claveria', '18', '3519'),
('315', 'Enrile', '18', '3501'),
('316', 'Gattaran', '18', '3508'),
('317', 'Gonzaga', '18', '3513'),
('318', 'Iguig', '18', '3504'),
('319', 'Lal-lo', '18', '3509'),
('32', 'Jabonga', '2', '8607'),
('320', 'Lasam', '18', '3524'),
('321', 'Pamplona', '18', '3522'),
('322', 'Peñablanca', '18', '3502'),
('323', 'Piat', '18', '3527'),
('324', 'Rizal', '18', '3526'),
('325', 'Sanchez-Mira', '18', ''),
('326', 'Santa Ana', '18', '3514'),
('327', 'Santa Praxedes', '18', '3521'),
('328', 'Santa Teresita', '18', '3512'),
('329', 'Santo Niño', '18', '3525'),
('33', 'Kitcharao', '2', '8609'),
('330', 'Solana', '18', '3503'),
('331', 'Tuao', '18', '3528'),
('332', 'Basud', '19', '4608'),
('333', 'Capalonga', '19', '4607'),
('334', 'Daet', '19', '4600'),
('335', 'Jose Panganiban', '19', '4606'),
('336', 'Labo', '19', '4604'),
('337', 'Mercedes', '19', '4601'),
('338', 'Paracale', '19', '4605'),
('339', 'San Lorenzo Ruiz', '19', '4610'),
('34', 'Las Nieves', '2', '8610'),
('340', 'San Vicente', '19', '4609'),
('341', 'Santa Elena', '19', '4611'),
('342', 'Talisay', '19', '4602'),
('343', 'Vinzons', '19', '4603'),
('344', 'Iriga City', '20', '4431'),
('345', 'Naga City', '20', '4400'),
('346', 'Baao', '20', '4432'),
('347', 'Balatan', '20', '4436'),
('348', 'Bato', '20', '4435'),
('349', 'Bombon', '20', '4404'),
('35', 'Magallanes', '2', '8604'),
('350', 'Buhi', '20', '4433'),
('351', 'Bula', '20', '4430'),
('352', 'Cabusao', '20', '4406'),
('353', 'Calabanga', '20', '4405'),
('354', 'Camaligan', '20', '4401'),
('355', 'Canaman', '20', '4402'),
('356', 'Caramoan', '20', '4429'),
('357', 'Del Gallego', '20', '4411'),
('358', 'Gainza', '20', '4412'),
('359', 'Garchitorena', '20', '4428'),
('36', 'Nasipit', '2', '8602'),
('360', 'Goa', '20', '4422'),
('361', 'Lagonoy', '20', '4425'),
('362', 'Libmanan', '20', '4407'),
('363', 'Lupi', '20', '4409'),
('364', 'Magarao', '20', '4403'),
('365', 'Milaor', '20', '4413'),
('366', 'Minalabac', '20', '4414'),
('367', 'Nabua', '20', '4434'),
('368', 'Ocampo', '20', '4419'),
('369', 'Pamplona', '20', '4416'),
('37', 'Remedios T. Romualdez', '2', '8611'),
('370', 'Pasacao', '20', '4417'),
('371', 'Pili', '20', '4418'),
('372', 'Presentacion', '20', '4424'),
('373', 'Ragay', '20', '4410'),
('374', 'Sagñay', '20', '4421'),
('375', 'San Fernando', '20', '4415'),
('376', 'San Jose', '20', '4423'),
('377', 'Sipocot', '20', '4408'),
('378', 'Siruma', '20', '4427'),
('379', 'Tigaon', '20', '4420'),
('38', 'Santiago', '2', '8608'),
('380', 'Tinambac', '20', '4426'),
('381', 'Catarman', '21', '9104'),
('382', 'Guinsiliban', '21', '9102'),
('383', 'Mahinog', '21', '9101'),
('384', 'Mambajao', '21', '9100'),
('385', 'Sagay', '21', '9103'),
('386', 'Roxas City', '22', '5800'),
('387', 'Cuartero', '22', '5811'),
('388', 'Dao', '22', '5810'),
('389', 'Dumalag', '22', '5813'),
('39', 'Tubay', '2', '8606'),
('390', 'Dumarao', '22', '5812'),
('391', 'Ivisan', '22', '5805'),
('392', 'Jamindan', '22', '5808'),
('393', 'Ma-ayon', '22', '5809'),
('394', 'Mambusao', '22', '5807'),
('395', 'Panay', '22', '5801'),
('396', 'Panitan', '22', '5815'),
('397', 'Pilar', '22', '5804'),
('398', 'Pontevedra', '22', '5802'),
('399', 'President Roxas', '22', '5803'),
('4', 'Bucloc', '1', '2817'),
('40', 'Bayugan', '3', '8502'),
('400', 'Sapi-an', '22', ''),
('401', 'Sigma', '22', '5816'),
('402', 'Tapaz', '22', '5814'),
('403', 'Bagamanoc', '23', '4807'),
('404', 'Baras', '23', '4803'),
('405', 'Bato', '23', '4801'),
('406', 'Caramoran', '23', '4808'),
('407', 'Gigmoto', '23', '4804'),
('408', 'Pandan', '23', '4809'),
('409', 'Panganiban', '23', '4806'),
('41', 'Bunawan', '3', '8506'),
('410', 'San Andres', '23', '4810'),
('411', 'San Miguel', '23', '4802'),
('412', 'Viga', '23', '4805'),
('413', 'Virac', '23', '4800'),
('414', 'Cavite City', '24', '4100'),
('415', 'Dasmariñas City', '24', '4114'),
('416', 'Tagaytay City', '24', '4120'),
('417', 'Trece Martires City', '24', '4109'),
('418', 'Alfonso', '24', '4123'),
('419', 'Amadeo', '24', '4119'),
('42', 'Esperanza', '3', '8513'),
('420', 'Bacoor', '24', '4102'),
('421', 'Carmona', '24', '4116'),
('422', 'General Mariano Alvarez', '24', '4117'),
('423', 'General Emilio Aguinaldo', '24', '4124'),
('424', 'General Trias', '24', '4107'),
('425', 'Imus', '24', '4103'),
('426', 'Indang', '24', '4122'),
('427', 'Kawit', '24', '4104'),
('428', 'Magallanes', '24', '4113'),
('429', 'Maragondon', '24', '4112'),
('43', 'La Paz', '3', '8508'),
('430', 'Mendez', '24', '4121'),
('431', 'Naic', '24', '4110'),
('432', 'Noveleta', '24', '4105'),
('433', 'Rosario', '24', '4106'),
('434', 'Silang', '24', '4118'),
('435', 'Tanza', '24', '4108'),
('436', 'Ternate', '24', '4111'),
('437', 'Bogo City', '25', '6010'),
('438', 'Cebu City', '25', '6000'),
('439', 'Carcar City', '25', '6019'),
('44', 'Loreto', '3', '8507'),
('440', 'Danao City', '25', '6004'),
('441', 'Lapu-Lapu City', '25', '6015'),
('442', 'Mandaue City', '25', '6014'),
('443', 'Naga City', '25', '6037'),
('444', 'Talisay City', '25', '6045'),
('445', 'Toledo City', '25', '6038'),
('446', 'Alcantara', '25', '6033'),
('447', 'Alcoy', '25', '6023'),
('448', 'Alegria', '25', '6030'),
('449', 'Aloguinsan', '25', '6040'),
('45', 'Prosperidad', '3', '8500'),
('450', 'Argao', '25', '6021'),
('451', 'Asturias', '25', '6042'),
('452', 'Badian', '25', '6031'),
('453', 'Balamban', '25', '6041'),
('454', 'Bantayan', '25', '6052'),
('455', 'Barili', '25', '6036'),
('456', 'Boljoon', '25', '6024'),
('457', 'Borbon', '25', '6008'),
('458', 'Carmen', '25', '6005'),
('459', 'Catmon', '25', '6006'),
('46', 'Rosario', '3', '8504'),
('460', 'Compostela', '25', '6003'),
('461', 'Consolacion', '25', '6001'),
('462', 'Cordoba', '25', ''),
('463', 'Daanbantayan', '25', '6013'),
('464', 'Dalaguete', '25', '6022'),
('465', 'Dumanjug', '25', '6035'),
('466', 'Ginatilan', '25', '6028'),
('467', 'Liloan', '25', '6002'),
('468', 'Madridejos', '25', '6053'),
('469', 'Malabuyoc', '25', '6029'),
('47', 'San Francisco', '3', '8501'),
('470', 'Medellin', '25', '6012'),
('471', 'Minglanilla', '25', '6046'),
('472', 'Moalboal', '25', '6032'),
('473', 'Oslob', '25', '6025'),
('474', 'Pilar', '25', '6048'),
('475', 'Pinamungahan', '25', '6039'),
('476', 'Poro', '25', '6049'),
('477', 'Ronda', '25', '6034'),
('478', 'Samboan', '25', '6027'),
('479', 'San Fernando', '25', '6018'),
('48', 'San Luis', '3', '8511'),
('480', 'San Francisco', '25', '6050'),
('481', 'San Remigio', '25', '6011'),
('482', 'Santa Fe', '25', '6047'),
('483', 'Santander', '25', '6026'),
('484', 'Sibonga', '25', '6020'),
('485', 'Sogod', '25', '6007'),
('486', 'Tabogon', '25', '6009'),
('487', 'Tabuelan', '25', '6044'),
('488', 'Tuburan', '25', '6043'),
('489', 'Tudela', '25', '6051'),
('49', 'Santa Josefa', '3', '8512'),
('490', 'Compostela', '26', '9413'),
('491', 'Laak', '26', ''),
('492', 'Mabini', '26', ''),
('493', 'Maco', '26', ''),
('494', 'Maragusan', '26', ''),
('495', 'Mawab', '26', ''),
('496', 'Monkayo', '26', ''),
('497', 'Montevista', '26', ''),
('498', 'Nabunturan', '26', ''),
('499', 'New Bataan', '26', ''),
('5', 'Daguioman', '1', '2816'),
('50', 'Sibagat', '3', '8503'),
('500', 'Pantukan', '26', ''),
('501', 'Kidapawan City', '27', '9400'),
('502', 'Alamada', '27', '9413'),
('503', 'Aleosan', '27', '9415'),
('504', 'Antipas', '27', '9414'),
('505', 'Arakan', '27', '9417'),
('506', 'Banisilan', '27', '9416'),
('507', 'Carmen', '27', '9408'),
('508', 'Kabacan', '27', '9407'),
('509', 'Libungan', '27', '9411'),
('51', 'Talacogon', '3', '8510'),
('510', 'M\'lang', '27', '9402'),
('511', 'Magpet', '27', '9404'),
('512', 'Makilala', '27', '9401'),
('513', 'Matalam', '27', '9406'),
('514', 'Midsayap', '27', '9410'),
('515', 'Pigkawayan', '27', '9412'),
('516', 'Pikit', '27', '9409'),
('517', 'President Roxas', '27', '9405'),
('518', 'Tulunan', '27', '9403'),
('519', 'Panabo City', '28', ''),
('52', 'Trento', '3', '8505'),
('520', 'Island Garden City of Samal', '28', ''),
('521', 'Tagum City', '28', ''),
('522', 'Asuncion', '28', ''),
('523', 'Braulio E. Dujali', '28', ''),
('524', 'Carmen', '28', '9408'),
('525', 'Kapalong', '28', ''),
('526', 'New Corella', '28', ''),
('527', 'San Isidro', '28', '8421'),
('528', 'Santo Tomas', '28', ''),
('529', 'Talaingod', '28', ''),
('53', 'Veruela', '3', '8509'),
('530', 'Davao City', '29', '9413'),
('531', 'Digos City', '29', ''),
('532', 'Bansalan', '29', ''),
('533', 'Don Marcelino', '29', ''),
('534', 'Hagonoy', '29', ''),
('535', 'Jose Abad Santos', '29', ''),
('536', 'Kiblawan', '29', ''),
('537', 'Magsaysay', '29', ''),
('538', 'Malalag', '29', ''),
('539', 'Malita', '29', ''),
('54', 'Altavas', '4', '5616'),
('540', 'Matanao', '29', ''),
('541', 'Padada', '29', ''),
('542', 'Santa Cruz', '29', ''),
('543', 'Santa Maria', '29', ''),
('544', 'Sarangani', '29', '9501'),
('545', 'Sulop', '29', ''),
('546', 'Mati City', '30', ''),
('547', 'Baganga', '30', ''),
('548', 'Banaybanay', '30', ''),
('549', 'Boston', '30', ''),
('55', 'Balete', '4', ''),
('550', 'Caraga', '30', ''),
('551', 'Cateel', '30', ''),
('552', 'Governor Generoso', '30', ''),
('553', 'Lupon', '30', ''),
('554', 'Manay', '30', ''),
('555', 'San Isidro', '30', '8421'),
('556', 'Tarragona', '30', ''),
('557', 'Arteche', '31', '6822'),
('558', 'Balangiga', '31', '6812'),
('559', 'Balangkayan', '31', '6801'),
('56', 'Banga', '4', '5601'),
('560', 'Borongan', '31', '6800'),
('561', 'Can-avid', '31', '6806'),
('562', 'Dolores', '31', '6817'),
('563', 'General MacArthur', '31', '6805'),
('564', 'Giporlos', '31', '6811'),
('565', 'Guiuan', '31', '6809'),
('566', 'Hernani', '31', '6804'),
('567', 'Jipapad', '31', '6819'),
('568', 'Lawaan', '31', '6813'),
('569', 'Llorente', '31', '6803'),
('57', 'Batan', '4', '5615'),
('570', 'Maslog', '31', '6820'),
('571', 'Maydolong', '31', '6802'),
('572', 'Mercedes', '31', '6808'),
('573', 'Oras', '31', '6818'),
('574', 'Quinapondan', '31', ''),
('575', 'Salcedo', '31', '6807'),
('576', 'San Julian', '31', '6814'),
('577', 'San Policarpo', '31', '6821'),
('578', 'Sulat', '31', '6815'),
('579', 'Taft', '31', '6816'),
('58', 'Buruanga', '4', '5609'),
('580', 'Buenavista', '32', '5044'),
('581', 'Jordan', '32', '5045'),
('582', 'Nueva Valencia', '32', '5046'),
('583', 'San Lorenzo', '32', ''),
('584', 'Sibunag', '32', ''),
('585', 'Aguinaldo', '33', '3606'),
('586', 'Alfonso Lista', '33', ''),
('587', 'Asipulo', '33', '3610'),
('588', 'Banaue', '33', '3601'),
('589', 'Hingyon', '33', '3607'),
('59', 'Ibajay', '4', '5613'),
('590', 'Hungduan', '33', '3603'),
('591', 'Kiangan', '33', '3604'),
('592', 'Lagawe', '33', '3600'),
('593', 'Lamut', '33', '3605'),
('594', 'Mayoyao', '33', '3602'),
('595', 'Tinoc', '33', '3609'),
('596', 'Batac City', '34', '2906'),
('597', 'Laoag City', '34', '2900'),
('598', 'Adams', '34', '2922'),
('599', 'Bacarra', '34', '2916'),
('6', 'Danglas', '1', '2825'),
('60', 'Kalibo', '4', '5600'),
('600', 'Badoc', '34', '2904'),
('601', 'Bangui', '34', '2920'),
('602', 'Banna', '34', '2908'),
('603', 'Burgos', '34', '2918'),
('604', 'Carasi', '34', '2911'),
('605', 'Currimao', '34', '2903'),
('606', 'Dingras', '34', '2913'),
('607', 'Dumalneg', '34', '2921'),
('608', 'Marcos', '34', '2907'),
('609', 'Nueva Era', '34', '2909'),
('61', 'Lezo', '4', '5605'),
('610', 'Pagudpud', '34', '2919'),
('611', 'Paoay', '34', '2902'),
('612', 'Pasuquin', '34', '2917'),
('613', 'Piddig', '34', '2912'),
('614', 'Pinili', '34', '2905'),
('615', 'San Nicolas', '34', '2901'),
('616', 'Sarrat', '34', '2914'),
('617', 'Solsona', '34', '2910'),
('618', 'Vintar', '34', '2915'),
('619', 'Candon City', '35', '2710'),
('62', 'Libacao', '4', '5602'),
('620', 'Vigan City', '35', '2700'),
('621', 'Alilem', '35', '2716'),
('622', 'Banayoyo', '35', '2708'),
('623', 'Bantay', '35', '2727'),
('624', 'Burgos', '35', '2724'),
('625', 'Cabugao', '35', '2732'),
('626', 'Caoayan', '35', '2702'),
('627', 'Cervantes', '35', '2718'),
('628', 'Galimuyod', '35', '2709'),
('629', 'Gregorio Del Pilar', '35', '2720'),
('63', 'Madalag', '4', '5603'),
('630', 'Lidlidda', '35', '2723'),
('631', 'Magsingal', '35', '2730'),
('632', 'Nagbukel', '35', '2725'),
('633', 'Narvacan', '35', '2704'),
('634', 'Quirino', '35', '2721'),
('635', 'Salcedo', '35', '2711'),
('636', 'San Emilio', '35', '2722'),
('637', 'San Esteban', '35', '2706'),
('638', 'San Ildefonso', '35', '2728'),
('639', 'San Juan', '35', '2731'),
('64', 'Makato', '4', '5611'),
('640', 'San Vicente', '35', '2726'),
('641', 'Santa', '35', '2703'),
('642', 'Santa Catalina', '35', '2701'),
('643', 'Santa Cruz', '35', '2713'),
('644', 'Santa Lucia', '35', '2712'),
('645', 'Santa Maria', '35', '2440'),
('646', 'Santiago', '35', '2707'),
('647', 'Santo Domingo', '35', '2729'),
('648', 'Sigay', '35', '2719'),
('649', 'Sinait', '35', '2733'),
('65', 'Malay', '4', '5608'),
('650', 'Sugpon', '35', '2717'),
('651', 'Suyo', '35', '2715'),
('652', 'Tagudin', '35', '2714'),
('653', 'Iloilo City', '36', '5000'),
('654', 'Passi City', '36', '5037'),
('655', 'Ajuy', '36', '5012'),
('656', 'Alimodian', '36', '5028'),
('657', 'Anilao', '36', '5009'),
('658', 'Badiangan', '36', '5033'),
('659', 'Balasan', '36', '5018'),
('66', 'Malinao', '4', '5606'),
('660', 'Banate', '36', '5010'),
('661', 'Barotac Nuevo', '36', '5007'),
('662', 'Barotac Viejo', '36', '5011'),
('663', 'Batad', '36', '5016'),
('664', 'Bingawan', '36', '5041'),
('665', 'Cabatuan', '36', '5031'),
('666', 'Calinog', '36', '5040'),
('667', 'Carles', '36', '5019'),
('668', 'Concepcion', '36', '5013'),
('669', 'Dingle', '36', '5035'),
('67', 'Nabas', '4', '5607'),
('670', 'Dueñas', '36', '5038'),
('671', 'Dumangas', '36', '5006'),
('672', 'Estancia', '36', '5017'),
('673', 'Guimbal', '36', '5022'),
('674', 'Igbaras', '36', '5029'),
('675', 'Janiuay', '36', '5034'),
('676', 'Lambunao', '36', '5042'),
('677', 'Leganes', '36', '5003'),
('678', 'Lemery', '36', '5043'),
('679', 'Leon', '36', '5026'),
('68', 'New Washington', '4', '5610'),
('680', 'Maasin', '36', '5030'),
('681', 'Miagao', '36', '5023'),
('682', 'Mina', '36', '5032'),
('683', 'New Lucena', '36', '5005'),
('684', 'Oton', '36', '5020'),
('685', 'Pavia', '36', '5001'),
('686', 'Pototan', '36', '5008'),
('687', 'San Dionisio', '36', '5015'),
('688', 'San Enrique', '36', '5036'),
('689', 'San Joaquin', '36', '5024'),
('69', 'Numancia', '4', '5604'),
('690', 'San Miguel', '36', '5025'),
('691', 'San Rafael', '36', '5039'),
('692', 'Santa Barbara', '36', '5002'),
('693', 'Sara', '36', '5014'),
('694', 'Tigbauan', '36', '5021'),
('695', 'Tubungan', '36', '5027'),
('696', 'Zarraga', '36', '5004'),
('697', 'Cauayan City', '37', '3305'),
('698', 'Santiago City', '37', '3311'),
('699', 'Alicia', '37', '3306'),
('7', 'Dolores', '1', '2801'),
('70', 'Tangalan', '4', '5612'),
('700', 'Angadanan', '37', '3307'),
('701', 'Aurora', '37', '3316'),
('702', 'Benito Soliven', '37', '3331'),
('703', 'Burgos', '37', '3322'),
('704', 'Cabagan', '37', '3328'),
('705', 'Cabatuan', '37', '3315'),
('706', 'Cordon', '37', '3312'),
('707', 'Delfin Albano', '37', '3326'),
('708', 'Dinapigue', '37', '3336'),
('709', 'Divilacan', '37', ''),
('71', 'Legazpi City', '5', '4500'),
('710', 'Echague', '37', '3309'),
('711', 'Gamu', '37', '3301'),
('712', 'Ilagan', '37', '3300'),
('713', 'Jones', '37', '3313'),
('714', 'Luna', '37', '3304'),
('715', 'Maconacon', '37', '3333'),
('716', 'Mallig', '37', '3323'),
('717', 'Naguilian', '37', '3302'),
('718', 'Palanan', '37', '3334'),
('719', 'Quezon', '37', '3324'),
('72', 'Ligao City', '5', '4504'),
('720', 'Quirino', '37', '3321'),
('721', 'Ramon', '37', '3319'),
('722', 'Reina Mercedes', '37', '3303'),
('723', 'Roxas', '37', '3320'),
('724', 'San Agustin', '37', '3314'),
('725', 'San Guillermo', '37', '3308'),
('726', 'San Isidro', '37', '3310'),
('727', 'San Manuel', '37', '3317'),
('728', 'San Mariano', '37', '3332'),
('729', 'San Mateo', '37', '3318'),
('73', 'Tabaco City', '5', '4511'),
('730', 'San Pablo', '37', '3329'),
('731', 'Santa Maria', '37', '3330'),
('732', 'Santo Tomas', '37', '3327'),
('733', 'Tumauini', '37', '3325'),
('734', 'Tabuk', '38', '3800'),
('735', 'Balbalan', '38', '3801'),
('736', 'Lubuagan', '38', '3802'),
('737', 'Pasil', '38', '3803'),
('738', 'Pinukpuk', '38', '3806'),
('739', 'Rizal', '38', '3808'),
('74', 'Bacacay', '5', '4509'),
('740', 'Tanudan', '38', '3805'),
('741', 'Tinglayan', '38', '3804'),
('742', 'San Fernando City', '39', '2500'),
('743', 'Agoo', '39', '2504'),
('744', 'Aringay', '39', '2503'),
('745', 'Bacnotan', '39', '2515'),
('746', 'Bagulin', '39', '2512'),
('747', 'Balaoan', '39', '2517'),
('748', 'Bangar', '39', '2519'),
('749', 'Bauang', '39', '2501'),
('75', 'Camalig', '5', '4502'),
('750', 'Burgos', '39', '2510'),
('751', 'Caba', '39', '2502'),
('752', 'Luna', '39', '2518'),
('753', 'Naguilian', '39', '3302'),
('754', 'Pugo', '39', '2508'),
('755', 'Rosario', '39', '2506'),
('756', 'San Gabriel', '39', '2513'),
('757', 'San Juan', '39', '2514'),
('758', 'Santo Tomas', '39', '2505'),
('759', 'Santol', '39', '2516'),
('76', 'Daraga', '5', '4501'),
('760', 'Sudipen', '39', '2520'),
('761', 'Tubao', '39', '2509'),
('762', 'Biñan City', '40', '4024'),
('763', 'Calamba City', '40', '4027'),
('764', 'San Pablo City', '40', '4000'),
('765', 'Santa Rosa City', '40', '4026'),
('766', 'Alaminos', '40', '4001'),
('767', 'Bay', '40', '4033'),
('768', 'Cabuyao', '40', '4025'),
('769', 'Calauan', '40', '4012'),
('77', 'Guinobatan', '5', '4503'),
('770', 'Cavinti', '40', '4013'),
('771', 'Famy', '40', '4021'),
('772', 'Kalayaan', '40', '4015'),
('773', 'Liliw', '40', '4004'),
('774', 'Los Baños', '40', '4031'),
('775', 'Luisiana', '40', '4032'),
('776', 'Lumban', '40', '4014'),
('777', 'Mabitac', '40', '4020'),
('778', 'Magdalena', '40', '4007'),
('779', 'Majayjay', '40', '4005'),
('78', 'Jovellar', '5', '4515'),
('780', 'Nagcarlan', '40', '4002'),
('781', 'Paete', '40', '4016'),
('782', 'Pagsanjan', '40', '4008'),
('783', 'Pakil', '40', '4017'),
('784', 'Pangil', '40', '4018'),
('785', 'Pila', '40', '4010'),
('786', 'Rizal', '40', '4003'),
('787', 'San Pedro', '40', '4023'),
('788', 'Santa Cruz', '40', '4009'),
('789', 'Santa Maria', '40', '4022'),
('79', 'Libon', '5', '4507'),
('790', 'Siniloan', '40', '4019'),
('791', 'Victoria', '40', '4011'),
('792', 'Iligan City', '41', '9200'),
('793', 'Bacolod', '41', '9205'),
('794', 'Baloi', '41', '9217'),
('795', 'Baroy', '41', '9210'),
('796', 'Kapatagan', '41', '9214'),
('797', 'Kauswagan', '41', '9202'),
('798', 'Kolambugan', '41', '9207'),
('799', 'Lala', '41', '9211'),
('8', 'La Paz', '1', '2826'),
('80', 'Malilipot', '5', '4510'),
('800', 'Linamon', '41', '9201'),
('801', 'Magsaysay', '41', '9221'),
('802', 'Maigo', '41', '9206'),
('803', 'Matungao', '41', '9203'),
('804', 'Munai', '41', '9219'),
('805', 'Nunungan', '41', '9216'),
('806', 'Pantao Ragat', '41', '9208'),
('807', 'Pantar', '41', '9218'),
('808', 'Poona Piagapo', '41', '9204'),
('809', 'Salvador', '41', '9212'),
('81', 'Malinao', '5', '4512'),
('810', 'Sapad', '41', '9213'),
('811', 'Sultan Naga Dimaporo', '41', '9215'),
('812', 'Tagoloan', '41', '9222'),
('813', 'Tangcal', '41', '9220'),
('814', 'Tubod', '41', '9209'),
('815', 'Marawi City', '42', ''),
('816', 'Bacolod-Kalawi', '42', ''),
('817', 'Balabagan', '42', '9302'),
('818', 'Balindong', '42', '9318'),
('819', 'Bayang', '42', '9309'),
('82', 'Manito', '5', '4514'),
('820', 'Binidayan', '42', '9310'),
('821', 'Buadiposo-Buntong', '42', ''),
('822', 'Bubong', '42', '9708'),
('823', 'Bumbaran', '42', '9320'),
('824', 'Butig', '42', '9305'),
('825', 'Calanogas', '42', '9319'),
('826', 'Ditsaan-Ramain', '42', ''),
('827', 'Ganassi', '42', '9311'),
('828', 'Kapai', '42', '9709'),
('829', 'Kapatagan', '42', '9214'),
('83', 'Oas', '5', '4505'),
('830', 'Lumba-Bayabao', '42', ''),
('831', 'Lumbaca-Unayan', '42', ''),
('832', 'Lumbatan', '42', '9307'),
('833', 'Lumbayanague', '42', '9306'),
('834', 'Madalum', '42', '9315'),
('835', 'Madamba', '42', '9314'),
('836', 'Maguing', '42', '9715'),
('837', 'Malabang', '42', '9300'),
('838', 'Marantao', '42', ''),
('839', 'Marogong', '42', ''),
('84', 'Pio Duran', '5', '4516'),
('840', 'Masiu', '42', ''),
('841', 'Mulondo', '42', ''),
('842', 'Pagayawan', '42', ''),
('843', 'Piagapo', '42', '9204'),
('844', 'Poona Bayabao', '42', ''),
('845', 'Pualas', '42', ''),
('846', 'Saguiaran', '42', ''),
('847', 'Sultan Dumalondong', '42', ''),
('848', 'Picong', '42', ''),
('849', 'Tagoloan II', '42', ''),
('85', 'Polangui', '5', '4506'),
('850', 'Tamparan', '42', ''),
('851', 'Taraka', '42', ''),
('852', 'Tubaran', '42', ''),
('853', 'Tugaya', '42', ''),
('854', 'Wao', '42', ''),
('855', 'Ormoc City', '43', '6541'),
('856', 'Tacloban City', '43', '6500'),
('857', 'Abuyog', '43', '6510'),
('858', 'Alangalang', '43', '6517'),
('859', 'Albuera', '43', '6542'),
('86', 'Rapu-Rapu', '5', '4517'),
('860', 'Babatngon', '43', '6520'),
('861', 'Barugo', '43', '6519'),
('862', 'Bato', '43', '6525'),
('863', 'Baybay', '43', '6521'),
('864', 'Burauen', '43', '6516'),
('865', 'Calubian', '43', '6534'),
('866', 'Capoocan', '43', '6530'),
('867', 'Carigara', '43', '6529'),
('868', 'Dagami', '43', '6515'),
('869', 'Dulag', '43', '6505'),
('87', 'Santo Domingo', '5', '4508'),
('870', 'Hilongos', '43', '6524'),
('871', 'Hindang', '43', '6523'),
('872', 'Inopacan', '43', '6522'),
('873', 'Isabel', '43', '6539'),
('874', 'Jaro', '43', '6527'),
('875', 'Javier', '43', '6511'),
('876', 'Julita', '43', '6506'),
('877', 'Kananga', '43', '6531'),
('878', 'La Paz', '43', '6508'),
('879', 'Leyte', '43', '6510'),
('88', 'Tiwi', '5', '4513');
INSERT INTO `cities` (`city_id`, `city_name`, `province_id`, `zipcode`) VALUES
('880', 'Liloan', '43', '6612'),
('881', 'MacArthur', '43', '6509'),
('882', 'Mahaplag', '43', '6512'),
('883', 'Matag-ob', '43', '6532'),
('884', 'Matalom', '43', '6526'),
('885', 'Mayorga', '43', '6507'),
('886', 'Merida', '43', '6540'),
('887', 'Palo', '43', '6501'),
('888', 'Palompon', '43', '6538'),
('889', 'Pastrana', '43', '6514'),
('89', 'Anini-y', '6', '5717'),
('890', 'San Isidro', '43', '6535'),
('891', 'San Miguel', '43', '6518'),
('892', 'Santa Fe', '43', '6513'),
('893', 'Sogod', '43', '6606'),
('894', 'Tabango', '43', '6536'),
('895', 'Tabontabon', '43', '6504'),
('896', 'Tanauan', '43', '6502'),
('897', 'Tolosa', '43', '6503'),
('898', 'Tunga', '43', '6528'),
('899', 'Villaba', '43', '6537'),
('9', 'Lacub', '1', '2821'),
('90', 'Barbaza', '6', '5706'),
('900', 'Cotabato City', '44', '9600'),
('901', 'Ampatuan', '44', '9609'),
('902', 'Barira', '44', '9614'),
('903', 'Buldon', '44', '9615'),
('904', 'Buluan', '44', '9616'),
('905', 'Datu Abdullah Sangki', '44', ''),
('906', 'Datu Anggal Midtimbang', '44', ''),
('907', 'Datu Blah T. Sinsuat', '44', ''),
('908', 'Datu Hoffer Ampatuan', '44', ''),
('909', 'Datu Montawal', '44', ''),
('91', 'Belison', '6', '5701'),
('910', 'Datu Odin Sinsuat', '44', '9601'),
('911', 'Datu Paglas', '44', '9617'),
('912', 'Datu Piang', '44', '9607'),
('913', 'Datu Salibo', '44', ''),
('914', 'Datu Saudi-Ampatuan', '44', ''),
('915', 'Datu Unsay', '44', ''),
('916', 'General Salipada K. Pendatun', '44', ''),
('917', 'Guindulungan', '44', ''),
('918', 'Kabuntalan', '44', ''),
('919', 'Mamasapano', '44', ''),
('92', 'Bugasong', '6', '5704'),
('920', 'Mangudadatu', '44', ''),
('921', 'Matanog', '44', '9613'),
('922', 'Northern Kabuntalan', '44', ''),
('923', 'Pagalungan', '44', '9610'),
('924', 'Paglat', '44', ''),
('925', 'Pandag', '44', ''),
('926', 'Parang', '44', '9604'),
('927', 'Rajah Buayan', '44', ''),
('928', 'Shariff Aguak', '44', '9608'),
('929', 'Shariff Saydona Mustapha', '44', ''),
('93', 'Caluya', '6', '5711'),
('930', 'South Upi', '44', '9603'),
('931', 'Sultan Kudarat', '44', '9605'),
('932', 'Sultan Mastura', '44', ''),
('933', 'Sultan sa Barongis', '44', '9611'),
('934', 'Talayan', '44', '9612'),
('935', 'Talitay', '44', ''),
('936', 'Upi', '44', '9603'),
('937', 'Boac', '45', '4900'),
('938', 'Buenavista', '45', '4904'),
('939', 'Gasan', '45', '4905'),
('94', 'Culasi', '6', '5708'),
('940', 'Mogpog', '45', '4901'),
('941', 'Santa Cruz', '45', '4902'),
('942', 'Torrijos', '45', '4903'),
('943', 'Masbate City', '46', '5414'),
('944', 'Aroroy', '46', '5414'),
('945', 'Baleno', '46', '5413'),
('946', 'Balud', '46', '5412'),
('947', 'Batuan', '46', '5415'),
('948', 'Cataingan', '46', '5405'),
('949', 'Cawayan', '46', '5409'),
('95', 'Hamtic', '6', '5715'),
('950', 'Claveria', '46', '5419'),
('951', 'Dimasalang', '46', '5403'),
('952', 'Esperanza', '46', '5407'),
('953', 'Mandaon', '46', '5411'),
('954', 'Milagros', '46', '5410'),
('955', 'Mobo', '46', '5401'),
('956', 'Monreal', '46', '5418'),
('957', 'Palanas', '46', '5404'),
('958', 'Pio V. Corpuz', '46', '5406'),
('959', 'Placer', '46', '5408'),
('96', 'Laua-an', '6', '5705'),
('960', 'San Fernando', '46', '5416'),
('961', 'San Jacinto', '46', '5417'),
('962', 'San Pascual', '46', '5420'),
('963', 'Uson', '46', '5402'),
('964', 'Caloocan', '47', ''),
('965', 'Las Piñas', '47', '1740'),
('966', 'Makati', '47', '1224'),
('967', 'Malabon', '47', '1470'),
('968', 'Mandaluyong', '47', ''),
('969', 'Manila', '47', ''),
('97', 'Libertad', '6', '5710'),
('970', 'Marikina', '47', '1800'),
('971', 'Muntinlupa', '47', '1770'),
('972', 'Navotas', '47', '1485'),
('973', 'Parañaque', '47', '1700'),
('974', 'Pasay', '47', '1300'),
('975', 'Pasig', '47', '1600'),
('976', 'Quezon City', '47', '1100'),
('977', 'San Juan City', '47', '1500'),
('978', 'Taguig', '47', ''),
('979', 'Valenzuela City', '47', '1208'),
('98', 'Pandan', '6', '5712'),
('980', 'Pateros', '47', ''),
('981', 'Oroquieta City', '48', '7207'),
('982', 'Ozamiz City', '48', ''),
('983', 'Tangub City', '48', '7214'),
('984', 'Aloran', '48', '7206'),
('985', 'Baliangao', '48', '7211'),
('986', 'Bonifacio', '48', '7215'),
('987', 'Calamba', '48', '7210'),
('988', 'Clarin', '48', '7201'),
('989', 'Concepcion', '48', '7213'),
('99', 'Patnongon', '6', '5702'),
('990', 'Don Victoriano Chiongbian', '48', ''),
('991', 'Jimenez', '48', '7204'),
('992', 'Lopez Jaena', '48', '7208'),
('993', 'Panaon', '48', '7205'),
('994', 'Plaridel', '48', '7209'),
('995', 'Sapang Dalaga', '48', '7212'),
('996', 'Sinacaban', '48', '7203'),
('997', 'Tudela', '48', '7202'),
('998', 'Cagayan de Oro', '49', '9000'),
('999', 'Gingoog City', '49', '9014');

-- --------------------------------------------------------

--
-- Table structure for table `provinces`
--

CREATE TABLE `provinces` (
  `province_id` varchar(50) NOT NULL,
  `province_name` varchar(300) NOT NULL
) ENGINE=InnoDB DEFAULT CHARSET=utf8mb4;

--
-- Dumping data for table `provinces`
--

INSERT INTO `provinces` (`province_id`, `province_name`) VALUES
('1', 'Abra'),
('10', 'Bataan'),
('11', 'Batanes'),
('12', 'Batangas'),
('13', 'Benguet'),
('14', 'Biliran'),
('15', 'Bohol'),
('16', 'Bukidnon'),
('17', 'Bulacan'),
('18', 'Cagayan'),
('19', 'Camarines Norte'),
('2', 'Agusan del Norte'),
('20', 'Camarines Sur'),
('21', 'Camiguin'),
('22', 'Capiz'),
('23', 'Catanduanes'),
('24', 'Cavite'),
('25', 'Cebu'),
('26', 'Compostela Valley'),
('27', 'Cotabato'),
('28', 'Davao del Norte'),
('29', 'Davao del Sur'),
('3', 'Agusan del Sur'),
('30', 'Davao Oriental'),
('31', 'Eastern Samar'),
('32', 'Guimaras'),
('33', 'Ifugao'),
('34', 'Ilocos Norte'),
('35', 'Ilocos Sur'),
('36', 'Iloilo'),
('37', 'Isabela'),
('38', 'Kalinga'),
('39', 'La Union'),
('4', 'Aklan'),
('40', 'Laguna'),
('41', 'Lanao del Norte'),
('42', 'Lanao del Sur'),
('43', 'Leyte'),
('44', 'Maguindanao'),
('45', 'Marinduque'),
('46', 'Masbate'),
('47', 'Metro Manila'),
('48', 'Misamis Occidental'),
('49', 'Misamis Oriental'),
('5', 'Albay'),
('50', 'Mountain Province'),
('51', 'Negros Occidental'),
('52', 'Negros Oriental'),
('53', 'Northern Samar'),
('54', 'Nueva Ecija'),
('55', 'Nueva Vizcaya'),
('56', 'Occidental Mindoro'),
('57', 'Oriental Mindoro'),
('58', 'Palawan'),
('59', 'Pampanga'),
('6', 'Antique'),
('60', 'Pangasinan'),
('61', 'Quezon'),
('62', 'Quirino'),
('63', 'Rizal'),
('64', 'Romblon'),
('65', 'Samar'),
('66', 'Sarangani'),
('67', 'Siquijor'),
('68', 'Sorsogon'),
('69', 'South Cotabato'),
('7', 'Apayao'),
('70', 'Southern Leyte'),
('71', 'Sultan Kudarat'),
('72', 'Sulu'),
('73', 'Surigao del Norte'),
('74', 'Surigao del Sur'),
('75', 'Tarlac'),
('76', 'Tawi-Tawi'),
('77', 'Zambales'),
('78', 'Zamboanga del Norte'),
('79', 'Zamboanga del Sur'),
('8', 'Aurora'),
('80', 'Zamboanga Sibugay'),
('9', 'Basilan');

-- --------------------------------------------------------

--
-- Table structure for table `tbl_acad_term`
--

CREATE TABLE `tbl_acad_term` (
  `term_id` varchar(50) NOT NULL,
  `term_name` varchar(250) NOT NULL,
  `term_from_year` varchar(50) NOT NULL,
  `term_to_year` varchar(50) NOT NULL,
  `current_flag` tinyint(1) NOT NULL,
  `active_flag` tinyint(1) NOT NULL,
  `delete_flag` tinyint(1) NOT NULL
) ENGINE=InnoDB DEFAULT CHARSET=utf8mb4;

--
-- Dumping data for table `tbl_acad_term`
--

INSERT INTO `tbl_acad_term` (`term_id`, `term_name`, `term_from_year`, `term_to_year`, `current_flag`, `active_flag`, `delete_flag`) VALUES
('TERM001', 'First Semester', '2020', '2021', 0, 1, 0),
('TERM002', 'Second Semester', '2020', '2021', 0, 1, 0),
('TERM003', 'First Semester', '2021', '2022', 0, 1, 0),
('TERM004', 'Second Semester', '2021', '2022', 1, 1, 0);

-- --------------------------------------------------------

--
-- Table structure for table `tbl_college`
--

CREATE TABLE `tbl_college` (
  `college_id` varchar(50) NOT NULL,
  `college_shortname` varchar(50) NOT NULL,
  `college_fullname` varchar(200) NOT NULL,
  `active_flag` tinyint(1) NOT NULL,
  `delete_flag` tinyint(1) NOT NULL
) ENGINE=InnoDB DEFAULT CHARSET=utf8mb4;

--
-- Dumping data for table `tbl_college`
--

INSERT INTO `tbl_college` (`college_id`, `college_shortname`, `college_fullname`, `active_flag`, `delete_flag`) VALUES
('COL001', 'CAS', 'College of Arts and Science', 1, 0),
('COL002', 'CBA', 'College of Business Administration', 1, 0),
('COL003', 'CAMS', 'College of Allied Medical Science', 1, 0),
('COL004', 'CON', 'College of Nursing', 1, 0),
('COL005', 'COECSA', 'College of Engineering, Computer Studies and Architecture', 1, 0);

-- --------------------------------------------------------

--
-- Table structure for table `tbl_company`
--

CREATE TABLE `tbl_company` (
  `company_id` varchar(50) NOT NULL,
  `company_name` varchar(500) NOT NULL,
  `company_desc` varchar(1000) NOT NULL,
  `company_address_id` varchar(50) NOT NULL,
  `company_contact_id` varchar(50) NOT NULL,
  `company_moa_id` varchar(50) NOT NULL,
  `company_img` varchar(250) NOT NULL,
  `userid` varchar(50) NOT NULL,
  `date_modified` varchar(100) NOT NULL,
  `delete_flag` tinyint(1) NOT NULL
) ENGINE=InnoDB DEFAULT CHARSET=utf8mb4;

--
-- Dumping data for table `tbl_company`
--

INSERT INTO `tbl_company` (`company_id`, `company_name`, `company_desc`, `company_address_id`, `company_contact_id`, `company_moa_id`, `company_img`, `userid`, `date_modified`, `delete_flag`) VALUES
('COMPANY001', 'Leentech Network System', 'Web Development', 'C-ADDRESS001', 'C-CONTACT001', 'C-MOA001', 'IMAGE.png', 'USER001', '01/09/2022', 0),
('COMPANY002', 'Open Text Philippines Inc.', 'Canadian Company That Develops And Sells Enterprise Information Management Software.', 'C-ADDRESS002', 'C-CONTACT002', 'C-MOA002', 'IMAGE.png', 'USER001', '01/09/2022', 0);

-- --------------------------------------------------------

--
-- Table structure for table `tbl_company_address1`
--

CREATE TABLE `tbl_company_address1` (
  `company_address_id` varchar(50) NOT NULL,
  `province_id` varchar(50) NOT NULL,
  `city_id` varchar(50) NOT NULL,
  `address` varchar(500) NOT NULL
) ENGINE=InnoDB DEFAULT CHARSET=utf8mb4;

--
-- Dumping data for table `tbl_company_address1`
--

INSERT INTO `tbl_company_address1` (`company_address_id`, `province_id`, `city_id`, `address`) VALUES
('C-ADDRESS001', '24', '435', ''),
('C-ADDRESS002', '47', '966', '');

-- --------------------------------------------------------

--
-- Table structure for table `tbl_company_contact`
--

CREATE TABLE `tbl_company_contact` (
  `company_contact_id` varchar(50) NOT NULL,
  `mobile_num` varchar(100) NOT NULL,
  `phone_num` varchar(100) NOT NULL,
  `email` varchar(100) NOT NULL
) ENGINE=InnoDB DEFAULT CHARSET=utf8mb4;

--
-- Dumping data for table `tbl_company_contact`
--

INSERT INTO `tbl_company_contact` (`company_contact_id`, `mobile_num`, `phone_num`, `email`) VALUES
('C-CONTACT001', 'N/A', 'N/A', 'hr@leentech.com'),
('C-CONTACT002', 'N/A', 'N/A', 'hr@opentext.com');

-- --------------------------------------------------------

--
-- Table structure for table `tbl_company_dept`
--

CREATE TABLE `tbl_company_dept` (
  `department_id` varchar(50) NOT NULL,
  `department_name` varchar(250) NOT NULL,
  `delete_flag` tinyint(1) NOT NULL
) ENGINE=InnoDB DEFAULT CHARSET=utf8mb4;

--
-- Dumping data for table `tbl_company_dept`
--

INSERT INTO `tbl_company_dept` (`department_id`, `department_name`, `delete_flag`) VALUES
('C-DEPT001', 'Administration', 0),
('C-DEPT002', 'Marketing', 0),
('C-DEPT003', 'Purchasing', 0),
('C-DEPT004', 'Human Resources', 0),
('C-DEPT005', 'Shipping', 0),
('C-DEPT006', 'IT', 0),
('C-DEPT007', 'Public Relations', 0),
('C-DEPT008', 'Sales', 0),
('C-DEPT009', 'Executive', 0),
('C-DEPT010', 'Finance', 0);

-- --------------------------------------------------------

--
-- Table structure for table `tbl_company_employee`
--

CREATE TABLE `tbl_company_employee` (
  `employee_id` varchar(50) NOT NULL,
  `userid` varchar(50) NOT NULL,
  `company_id` varchar(50) NOT NULL,
  `department_id` varchar(50) NOT NULL,
  `employee_designation` varchar(500) NOT NULL
) ENGINE=InnoDB DEFAULT CHARSET=utf8mb4;

--
-- Dumping data for table `tbl_company_employee`
--

INSERT INTO `tbl_company_employee` (`employee_id`, `userid`, `company_id`, `department_id`, `employee_designation`) VALUES
('C-EMP001', 'USER005', 'COMPANY001', 'C-DEPT004', 'HR Officer'),
('C-EMP002', 'USER007', 'COMPANY002', 'C-DEPT004', 'HR Officer');

-- --------------------------------------------------------

--
-- Table structure for table `tbl_company_moa`
--

CREATE TABLE `tbl_company_moa` (
  `company_moa_id` varchar(50) NOT NULL,
  `company_file` varchar(250) NOT NULL,
  `term_start` varchar(100) NOT NULL,
  `term_end` varchar(100) NOT NULL
) ENGINE=InnoDB DEFAULT CHARSET=utf8mb4;

--
-- Dumping data for table `tbl_company_moa`
--

INSERT INTO `tbl_company_moa` (`company_moa_id`, `company_file`, `term_start`, `term_end`) VALUES
('C-MOA001', 'MOA-Leentech Network System.pdf', '01/03/2022', '01/31/2024'),
('C-MOA002', 'MOA-Open Text Philippines Inc..pdf', '01/03/2022', '01/31/2024');

-- --------------------------------------------------------

--
-- Table structure for table `tbl_course`
--

CREATE TABLE `tbl_course` (
  `course_id` varchar(50) NOT NULL,
  `course_shortname` varchar(50) NOT NULL,
  `course_fullname` varchar(200) NOT NULL,
  `college_id` varchar(10) NOT NULL,
  `active_flag` tinyint(1) NOT NULL,
  `delete_flag` tinyint(1) NOT NULL
) ENGINE=InnoDB DEFAULT CHARSET=utf8mb4;

--
-- Dumping data for table `tbl_course`
--

INSERT INTO `tbl_course` (`course_id`, `course_shortname`, `course_fullname`, `college_id`, `active_flag`, `delete_flag`) VALUES
('COU001', 'BSIT', 'Bachelor of Science in Information Technology', 'COL005', 1, 0),
('COU002', 'BSPH', 'Bachelor of Science in Pharmacy', 'COL003', 1, 0),
('COU003', 'ABCOMM', 'Bachelor of Arts in Communication', 'COL001', 1, 0),
('COU004', 'BSA', 'Bachelor of Science in Accountancy', 'COL002', 1, 0),
('COU005', 'BSN', 'Bachelor of Science in Nursing', 'COL004', 1, 0);

-- --------------------------------------------------------

--
-- Table structure for table `tbl_internship_application`
--

CREATE TABLE `tbl_internship_application` (
  `application_id` varchar(50) NOT NULL,
  `userid` varchar(50) NOT NULL,
  `term_id` varchar(50) NOT NULL,
  `educ_info_id` varchar(50) NOT NULL,
  `contact_info_id` varchar(50) NOT NULL,
  `emergency_info_id` varchar(50) NOT NULL,
  `internship_hrs_id` varchar(50) NOT NULL,
  `application_img` varchar(250) NOT NULL,
  `date_applied` varchar(50) NOT NULL,
  `status_flag` tinyint(1) NOT NULL,
  `comment` varchar(500) NOT NULL,
  `date_confirmed` varchar(50) NOT NULL,
  `staff_confirmed` varchar(50) NOT NULL,
  `active_flag` tinyint(1) NOT NULL
) ENGINE=InnoDB DEFAULT CHARSET=utf8mb4;

--
-- Dumping data for table `tbl_internship_application`
--

INSERT INTO `tbl_internship_application` (`application_id`, `userid`, `term_id`, `educ_info_id`, `contact_info_id`, `emergency_info_id`, `internship_hrs_id`, `application_img`, `date_applied`, `status_flag`, `comment`, `date_confirmed`, `staff_confirmed`, `active_flag`) VALUES
('CCSIR-2022-001', 'USER004', 'TERM004', 'EDUC001', 'CONTACT001', 'EMER001', 'HOURS004', 'Dela Cruz- IMAGE.jpg', '01/10/2022 12:15 am', 1, '', '01/10/2022', 'USER003', 1),
('CCSIR-2022-002', 'USER008', 'TERM004', 'EDUC002', 'CONTACT002', 'EMER002', 'HOURS003', 'Dela Cruz- IMAGE.png', '01/10/2022 11:28 am', 1, '', '01/10/2022', 'USER003', 1);

-- --------------------------------------------------------

--
-- Table structure for table `tbl_internship_application_credit`
--

CREATE TABLE `tbl_internship_application_credit` (
  `application_credit_id` varchar(50) NOT NULL,
  `credit_hrs_id` varchar(50) NOT NULL,
  `application_credit_size` varchar(50) NOT NULL,
  `application_credit_dir` varchar(500) NOT NULL,
  `application_id` varchar(50) NOT NULL,
  `status_flag` tinyint(1) NOT NULL
) ENGINE=InnoDB DEFAULT CHARSET=utf8mb4;

-- --------------------------------------------------------

--
-- Table structure for table `tbl_internship_application_files`
--

CREATE TABLE `tbl_internship_application_files` (
  `application_file_id` varchar(50) NOT NULL,
  `template_id` varchar(50) NOT NULL,
  `application_file_size` varchar(50) NOT NULL,
  `application_file_dir` varchar(500) NOT NULL,
  `application_id` varchar(50) NOT NULL
) ENGINE=InnoDB DEFAULT CHARSET=utf8mb4;

--
-- Dumping data for table `tbl_internship_application_files`
--

INSERT INTO `tbl_internship_application_files` (`application_file_id`, `template_id`, `application_file_size`, `application_file_dir`, `application_id`) VALUES
('INTFILE001', 'TEMP001', '297.24 KB', 'Dela Cruz-TEMP001.pdf', 'CCSIR-2022-001'),
('INTFILE002', 'TEMP002', '466.02 KB', 'Dela Cruz-TEMP002.pdf', 'CCSIR-2022-001'),
('INTFILE003', 'TEMP001', '297.24 KB', 'Dela Cruz-TEMP001.pdf', 'CCSIR-2022-002'),
('INTFILE004', 'TEMP002', '466.02 KB', 'Dela Cruz-TEMP002.pdf', 'CCSIR-2022-002');

-- --------------------------------------------------------

--
-- Table structure for table `tbl_internship_hours`
--

CREATE TABLE `tbl_internship_hours` (
  `internship_hrs_id` varchar(50) NOT NULL,
  `course_id` varchar(50) NOT NULL,
  `internship_hrs` int(11) NOT NULL,
  `delete_flag` tinyint(1) NOT NULL
) ENGINE=InnoDB DEFAULT CHARSET=utf8mb4;

--
-- Dumping data for table `tbl_internship_hours`
--

INSERT INTO `tbl_internship_hours` (`internship_hrs_id`, `course_id`, `internship_hrs`, `delete_flag`) VALUES
('HOURS001', 'COU002', 200, 0),
('HOURS002', 'COU003', 300, 0),
('HOURS003', 'COU004', 400, 0),
('HOURS004', 'COU001', 500, 0),
('HOURS005', 'COU005', 200, 0);

-- --------------------------------------------------------

--
-- Table structure for table `tbl_internship_hours_credit`
--

CREATE TABLE `tbl_internship_hours_credit` (
  `credit_hrs_id` varchar(50) NOT NULL,
  `credit_hrs_name` varchar(50) NOT NULL,
  `credit_hrs` int(11) NOT NULL,
  `college_id` varchar(50) NOT NULL,
  `delete_flag` tinyint(1) NOT NULL
) ENGINE=InnoDB DEFAULT CHARSET=utf8mb4;

--
-- Dumping data for table `tbl_internship_hours_credit`
--

INSERT INTO `tbl_internship_hours_credit` (`credit_hrs_id`, `credit_hrs_name`, `credit_hrs`, `college_id`, `delete_flag`) VALUES
('CRED001', 'Employment', 100, 'COL005', 0),
('CRED002', 'Special Project', 250, 'COL005', 0);

-- --------------------------------------------------------

--
-- Table structure for table `tbl_job`
--

CREATE TABLE `tbl_job` (
  `job_id` varchar(50) NOT NULL,
  `job_name` varchar(500) NOT NULL,
  `job_desc` varchar(1000) NOT NULL,
  `num_vacancy` varchar(11) NOT NULL,
  `allowance_flag` tinyint(1) NOT NULL,
  `company_id` varchar(50) NOT NULL,
  `date_modified` varchar(100) NOT NULL,
  `userid` varchar(50) NOT NULL,
  `active_flag` tinyint(1) NOT NULL,
  `delete_flag` tinyint(1) NOT NULL
) ENGINE=InnoDB DEFAULT CHARSET=utf8mb4;

--
-- Dumping data for table `tbl_job`
--

INSERT INTO `tbl_job` (`job_id`, `job_name`, `job_desc`, `num_vacancy`, `allowance_flag`, `company_id`, `date_modified`, `userid`, `active_flag`, `delete_flag`) VALUES
('JOB001', 'Web Developer Intern', 'Project Internship Allow You To Get A Taste For What It’s Really Like To Work In A Leading Professional Services Firm Through Real Assignments, In A Short And Flexible Way. These Assignments Vary In Duration, Mode Of Working (e.g. Part-time Basis), And Range In Nature From Client Services To Internal Work.', '5', 0, 'COMPANY001', '01/09/2022', 'USER005', 1, 0),
('JOB002', 'Finance Trainee', 'Trainees Working In This Department Might Prepare Financial Reports, Oversee Investments, And Monitor Budgets. ', '5', 0, 'COMPANY001', '01/09/2022', 'USER005', 1, 0),
('JOB003', 'Cloud Applications Intern', '\r\nThe Cloud Applications Intern Is An Individual Contributor Who Will Create And Update Technical Specifications, Forms And Maps Using OpenText Translation Software, Carry Out Integration Tasks To Deploy Forms And Maps To Pre-production Environments, And Setup Trading Partner Connectivity Using Common Communications Standards Such As Ftp, Http, AS2, And SFTP.', '2', 0, 'COMPANY002', '01/09/2022', 'USER007', 1, 0),
('JOB004', 'Gen. Accountant Trainee', 'Performs Basic And Advanced Accounting Activities, Such As Preparing General Ledger, Account Reconciliations, Report Preparations, And Closing Activities. ', '2', 0, 'COMPANY002', '01/09/2022', 'USER007', 1, 0);

-- --------------------------------------------------------

--
-- Table structure for table `tbl_job_application`
--

CREATE TABLE `tbl_job_application` (
  `job_application_id` varchar(50) NOT NULL,
  `job_id` varchar(50) NOT NULL,
  `userid` varchar(50) NOT NULL,
  `term_id` varchar(50) NOT NULL,
  `date_applied` varchar(50) NOT NULL,
  `date_confirmed` varchar(50) NOT NULL,
  `employer_confirmed` varchar(50) NOT NULL,
  `status_flag` tinyint(1) NOT NULL
) ENGINE=InnoDB DEFAULT CHARSET=utf8mb4;

--
-- Dumping data for table `tbl_job_application`
--

INSERT INTO `tbl_job_application` (`job_application_id`, `job_id`, `userid`, `term_id`, `date_applied`, `date_confirmed`, `employer_confirmed`, `status_flag`) VALUES
('COMPANY001-2022-001', 'JOB001', 'USER004', 'TERM004', '01/10/2022 12:16 am', '', '', 2),
('COMPANY002-2022-001', 'JOB003', 'USER004', 'TERM004', '01/10/2022 12:16 am', '', '', 2);

-- --------------------------------------------------------

--
-- Table structure for table `tbl_job_application_desc`
--

CREATE TABLE `tbl_job_application_desc` (
  `job_application_id` varchar(50) NOT NULL,
  `skills` varchar(5000) NOT NULL,
  `description` varchar(5000) NOT NULL
) ENGINE=InnoDB DEFAULT CHARSET=utf8mb4;

--
-- Dumping data for table `tbl_job_application_desc`
--

INSERT INTO `tbl_job_application_desc` (`job_application_id`, `skills`, `description`) VALUES
('COMPANY001-2022-001', 'Webdeveloper,Mysql,Php', 'I Believe, I Have All The Skills And Experience Listed In The Job Description, And I\'m Confident That I Can Make An Immediate Impact On Your Company.'),
('COMPANY002-2022-001', 'Cloud,Web,Developer', 'I Believe, I Have All The Skills And Experience Listed In The Job Description, And I\'m Confident That I Can Make An Immediate Impact On Your Company.');

-- --------------------------------------------------------

--
-- Table structure for table `tbl_job_category`
--

CREATE TABLE `tbl_job_category` (
  `job_category_id` varchar(50) NOT NULL,
  `job_id` varchar(50) NOT NULL,
  `course_id` varchar(50) NOT NULL,
  `delete_flag` tinyint(1) NOT NULL
) ENGINE=InnoDB DEFAULT CHARSET=utf8mb4;

--
-- Dumping data for table `tbl_job_category`
--

INSERT INTO `tbl_job_category` (`job_category_id`, `job_id`, `course_id`, `delete_flag`) VALUES
('J-CATEGORY001', 'JOB001', 'COU001', 0),
('J-CATEGORY002', 'JOB002', 'COU004', 0),
('J-CATEGORY003', 'JOB003', 'COU001', 0),
('J-CATEGORY004', 'JOB004', 'COU004', 0);

-- --------------------------------------------------------

--
-- Table structure for table `tbl_orientation`
--

CREATE TABLE `tbl_orientation` (
  `orientation_id` varchar(50) NOT NULL,
  `term_id` varchar(50) NOT NULL,
  `venue_id` varchar(50) NOT NULL,
  `orientation_date` varchar(100) NOT NULL,
  `orientation_start_time` varchar(100) NOT NULL,
  `orientation_end_time` varchar(100) NOT NULL,
  `active_flag` tinyint(1) NOT NULL,
  `delete_flag` tinyint(1) NOT NULL
) ENGINE=InnoDB DEFAULT CHARSET=utf8mb4;

--
-- Dumping data for table `tbl_orientation`
--

INSERT INTO `tbl_orientation` (`orientation_id`, `term_id`, `venue_id`, `orientation_date`, `orientation_start_time`, `orientation_end_time`, `active_flag`, `delete_flag`) VALUES
('OR001', 'TERM001', 'VENUE002', '10/12/2021', '08:00 AM', '05:00 PM', 0, 0),
('OR002', 'TERM001', 'VENUE001', '10/11/2021', '08:00 AM', '05:00 PM', 0, 0),
('OR003', 'TERM003', 'VENUE001', '10/13/2021', '08:00 AM', '05:00 PM', 0, 0),
('OR004', 'TERM004', 'VENUE001', '01/09/2022', '08:00 AM', '08:00 PM', 1, 0),
('OR005', 'TERM004', 'VENUE002', '01/10/2022', '08:00 AM', '10:30 AM', 1, 0),
('OR006', 'TERM003', 'VENUE002', '10/14/2021', '08:00 AM', '05:00 PM', 0, 0),
('OR007', 'TERM002', 'VENUE002', '12/07/2020', '12:00 AM', '11:30 PM', 0, 0);

-- --------------------------------------------------------

--
-- Table structure for table `tbl_orientation_registration`
--

CREATE TABLE `tbl_orientation_registration` (
  `registration_id` varchar(50) NOT NULL,
  `userid` varchar(50) NOT NULL,
  `student_number` varchar(50) NOT NULL,
  `orientation_id` varchar(50) NOT NULL,
  `date_registered` varchar(100) NOT NULL,
  `attendance_flag` tinyint(1) NOT NULL,
  `date_confirmed` varchar(100) NOT NULL
) ENGINE=InnoDB DEFAULT CHARSET=utf8mb4;

--
-- Dumping data for table `tbl_orientation_registration`
--

INSERT INTO `tbl_orientation_registration` (`registration_id`, `userid`, `student_number`, `orientation_id`, `date_registered`, `attendance_flag`, `date_confirmed`) VALUES
('REG-2022-001', 'USER004', '2018-2-00001', 'OR004', '01/09/2022 08:22 pm', 1, '01/09/2022 08:24 pm'),
('REG-2022-002', 'USER008', '2018-2-00002', 'OR005', '01/10/2022 11:25 am', 1, '01/10/2022 11:26 am');

-- --------------------------------------------------------

--
-- Table structure for table `tbl_role`
--

CREATE TABLE `tbl_role` (
  `role_id` varchar(50) NOT NULL,
  `role_name` varchar(50) NOT NULL
) ENGINE=InnoDB DEFAULT CHARSET=utf8mb4;

--
-- Dumping data for table `tbl_role`
--

INSERT INTO `tbl_role` (`role_id`, `role_name`) VALUES
('1', 'admin'),
('2', 'manager'),
('3', 'staff'),
('4', 'student'),
('5', 'employer');

-- --------------------------------------------------------

--
-- Table structure for table `tbl_section`
--

CREATE TABLE `tbl_section` (
  `section_id` varchar(50) NOT NULL,
  `section_name` varchar(250) NOT NULL,
  `college_id` varchar(50) NOT NULL,
  `course_id` varchar(50) NOT NULL,
  `active_flag` tinyint(1) NOT NULL,
  `delete_flag` tinyint(1) NOT NULL
) ENGINE=InnoDB DEFAULT CHARSET=utf8mb4;

--
-- Dumping data for table `tbl_section`
--

INSERT INTO `tbl_section` (`section_id`, `section_name`, `college_id`, `course_id`, `active_flag`, `delete_flag`) VALUES
('SEC001', 'IT 401', 'COL005', 'COU001', 1, 0),
('SEC002', 'AC 401', 'COL002', 'COU004', 1, 0);

-- --------------------------------------------------------

--
-- Table structure for table `tbl_section_assignment`
--

CREATE TABLE `tbl_section_assignment` (
  `sec_assign_id` varchar(50) NOT NULL,
  `section_id` varchar(50) NOT NULL,
  `user_id` varchar(50) NOT NULL,
  `delete_flag` tinyint(1) NOT NULL
) ENGINE=InnoDB DEFAULT CHARSET=utf8mb4;

--
-- Dumping data for table `tbl_section_assignment`
--

INSERT INTO `tbl_section_assignment` (`sec_assign_id`, `section_id`, `user_id`, `delete_flag`) VALUES
('SEC-ASSIGN-001', 'SEC001', 'USER003', 0),
('SEC-ASSIGN-002', 'SEC002', 'USER006', 0);

-- --------------------------------------------------------

--
-- Table structure for table `tbl_status`
--

CREATE TABLE `tbl_status` (
  `status_id` int(11) NOT NULL,
  `status_name` varchar(50) NOT NULL
) ENGINE=InnoDB DEFAULT CHARSET=utf8mb4;

--
-- Dumping data for table `tbl_status`
--

INSERT INTO `tbl_status` (`status_id`, `status_name`) VALUES
(0, 'disapproved'),
(1, 'approved'),
(2, 'pending');

-- --------------------------------------------------------

--
-- Table structure for table `tbl_student_contact_info`
--

CREATE TABLE `tbl_student_contact_info` (
  `contact_info_id` varchar(50) NOT NULL,
  `userid` varchar(50) NOT NULL,
  `contact_num` varchar(100) NOT NULL,
  `contact_email` varchar(250) NOT NULL,
  `contact_add` varchar(500) NOT NULL,
  `current_flag` tinyint(1) NOT NULL
) ENGINE=InnoDB DEFAULT CHARSET=utf8mb4;

--
-- Dumping data for table `tbl_student_contact_info`
--

INSERT INTO `tbl_student_contact_info` (`contact_info_id`, `userid`, `contact_num`, `contact_email`, `contact_add`, `current_flag`) VALUES
('CONTACT001', 'USER004', '09555443776', 'jpdelacruz@yahoo.com', 'General Trias, Cavite', 1),
('CONTACT002', 'USER008', '09555443776', 'juana.dc@yahoo.com', 'Bacoor, Cavite', 1);

-- --------------------------------------------------------

--
-- Table structure for table `tbl_student_educ_info`
--

CREATE TABLE `tbl_student_educ_info` (
  `educ_info_id` varchar(50) NOT NULL,
  `userid` varchar(50) NOT NULL,
  `student_number` varchar(50) NOT NULL,
  `college_id` varchar(50) NOT NULL,
  `course_id` varchar(50) NOT NULL,
  `year_level_id` varchar(50) NOT NULL,
  `current_flag` tinyint(1) NOT NULL
) ENGINE=InnoDB DEFAULT CHARSET=utf8mb4;

--
-- Dumping data for table `tbl_student_educ_info`
--

INSERT INTO `tbl_student_educ_info` (`educ_info_id`, `userid`, `student_number`, `college_id`, `course_id`, `year_level_id`, `current_flag`) VALUES
('EDUC001', 'USER004', '2018-2-00001', 'COL005', 'COU001', 'YEAR004', 1),
('EDUC002', 'USER008', '2018-2-00002', 'COL002', 'COU004', 'YEAR004', 1);

-- --------------------------------------------------------

--
-- Table structure for table `tbl_student_emergency_info`
--

CREATE TABLE `tbl_student_emergency_info` (
  `emergency_info_id` varchar(50) NOT NULL,
  `userid` varchar(50) NOT NULL,
  `emergency_name` varchar(250) NOT NULL,
  `emergency_rel` varchar(250) NOT NULL,
  `emergency_num` varchar(50) NOT NULL,
  `emergency_add` varchar(500) NOT NULL,
  `current_flag` tinyint(1) NOT NULL
) ENGINE=InnoDB DEFAULT CHARSET=utf8mb4;

--
-- Dumping data for table `tbl_student_emergency_info`
--

INSERT INTO `tbl_student_emergency_info` (`emergency_info_id`, `userid`, `emergency_name`, `emergency_rel`, `emergency_num`, `emergency_add`, `current_flag`) VALUES
('EMER001', 'USER004', 'Maria Dela Cruz', 'mother', '09175563398', 'Manila', 1),
('EMER002', 'USER008', 'Pablo Dela Cruz', 'father', '09175563398', 'Bacoor, Cavite', 1);

-- --------------------------------------------------------

--
-- Table structure for table `tbl_student_section`
--

CREATE TABLE `tbl_student_section` (
  `id` int(11) NOT NULL,
  `section_id` varchar(50) NOT NULL,
  `user_id` varchar(50) NOT NULL,
  `term_id` varchar(50) NOT NULL
) ENGINE=InnoDB DEFAULT CHARSET=utf8mb4;

--
-- Dumping data for table `tbl_student_section`
--

INSERT INTO `tbl_student_section` (`id`, `section_id`, `user_id`, `term_id`) VALUES
(7, 'SEC001', 'USER004', 'TERM004');

-- --------------------------------------------------------

--
-- Table structure for table `tbl_template`
--

CREATE TABLE `tbl_template` (
  `template_id` varchar(50) NOT NULL,
  `template_name` varchar(250) NOT NULL,
  `template_desc` varchar(500) NOT NULL,
  `template_size` varchar(50) NOT NULL,
  `template_dir` varchar(500) NOT NULL,
  `file_modified` varchar(250) NOT NULL,
  `temp_category_id` varchar(50) NOT NULL,
  `userid` varchar(50) NOT NULL,
  `active_flag` tinyint(1) NOT NULL,
  `delete_flag` tinyint(1) NOT NULL
) ENGINE=InnoDB DEFAULT CHARSET=utf8mb4;

--
-- Dumping data for table `tbl_template`
--

INSERT INTO `tbl_template` (`template_id`, `template_name`, `template_desc`, `template_size`, `template_dir`, `file_modified`, `temp_category_id`, `userid`, `active_flag`, `delete_flag`) VALUES
('TEMP001', 'Internship Guidelines', 'for signature of the student and parent', '657.83 KB', 'Internship Guidelines.pdf', '01/09/2022 03:06 pm', 'TEMP-CAT-001', 'USER001', 1, 0),
('TEMP002', 'Internship Undertaking', 'for notarization', '413.28 KB', 'Internship Undertaking.pdf', '01/09/2022 03:08 pm', 'TEMP-CAT-001', 'USER001', 1, 0);

-- --------------------------------------------------------

--
-- Table structure for table `tbl_template_category`
--

CREATE TABLE `tbl_template_category` (
  `temp_category_id` varchar(50) NOT NULL,
  `temp_category_name` varchar(100) NOT NULL
) ENGINE=InnoDB DEFAULT CHARSET=utf8mb4;

--
-- Dumping data for table `tbl_template_category`
--

INSERT INTO `tbl_template_category` (`temp_category_id`, `temp_category_name`) VALUES
('TEMP-CAT-001', 'Prelim'),
('TEMP-CAT-002', 'Midterm'),
('TEMP-CAT-003', 'Finals');

-- --------------------------------------------------------

--
-- Table structure for table `tbl_user`
--

CREATE TABLE `tbl_user` (
  `userid` varchar(50) NOT NULL,
  `username` varchar(100) NOT NULL,
  `password` varchar(100) NOT NULL,
  `role_id` varchar(50) NOT NULL,
  `attempts` varchar(10) NOT NULL,
  `activetime` varchar(100) NOT NULL,
  `firstname` varchar(100) NOT NULL,
  `lastname` varchar(100) NOT NULL,
  `forgotpass_flag` tinyint(1) NOT NULL,
  `active_flag` tinyint(1) NOT NULL,
  `delete_flag` tinyint(1) NOT NULL
) ENGINE=InnoDB DEFAULT CHARSET=utf8mb4;

--
-- Dumping data for table `tbl_user`
--

INSERT INTO `tbl_user` (`userid`, `username`, `password`, `role_id`, `attempts`, `activetime`, `firstname`, `lastname`, `forgotpass_flag`, `active_flag`, `delete_flag`) VALUES
('USER001', 'manager@lpu.edu.ph', '0e905b7908f1a51872780bf9efa6c4bc', '2', '0', '1633709488', 'Manager', 'Manager', 0, 1, 0),
('USER002', 'admin@lpu.edu.ph', '73acd9a5972130b75066c82595a1fae3', '1', '0', '1625101384', 'Admin', 'Admin', 0, 1, 0),
('USER003', 'staff@lpu.edu.ph', 'c66aa1921d1298080925c4b014d3be54', '3', '0', '1638027443', 'Staff', 'Staff', 0, 1, 0),
('USER004', 'johnpaul.delacruz@lpunetwork.edu.ph', '0e905b7908f1a51872780bf9efa6c4bc', '4', '0', '1638023746', 'John Paul', 'Dela Cruz', 0, 1, 0),
('USER005', 'employer@lpu.edu.ph', 'd5d40d093cd63b55ab3117793db50bdd', '5', '0', '1641712894', 'Employer', 'Employer', 0, 1, 0),
('USER006', 'staff2@lpu.edu.ph', '5b5d43e7abd9765525dc176a8c1bd092', '3', '0', '1641743349', 'Staff2', 'Staff2', 0, 1, 0),
('USER007', 'employer2@lpu.edu.ph', 'd5d40d093cd63b55ab3117793db50bdd', '5', '0', '1641742824', 'Employer2', 'Employer2', 0, 1, 0),
('USER008', 'juana.delacruz@lpunetwork.edu.ph', '0e905b7908f1a51872780bf9efa6c4bc', '4', '0', '1641743499', 'Juana', 'Dela Cruz', 0, 1, 0);

-- --------------------------------------------------------

--
-- Table structure for table `tbl_venue`
--

CREATE TABLE `tbl_venue` (
  `venue_id` varchar(50) NOT NULL,
  `venue_name` varchar(250) NOT NULL,
  `active_flag` tinyint(1) NOT NULL,
  `delete_flag` tinyint(1) NOT NULL
) ENGINE=InnoDB DEFAULT CHARSET=utf8mb4;

--
-- Dumping data for table `tbl_venue`
--

INSERT INTO `tbl_venue` (`venue_id`, `venue_name`, `active_flag`, `delete_flag`) VALUES
('VENUE001', 'Lemon Grass Studio', 1, 0),
('VENUE002', 'University Auditorium', 1, 0);

-- --------------------------------------------------------

--
-- Table structure for table `tbl_year_level`
--

CREATE TABLE `tbl_year_level` (
  `year_level_id` varchar(50) NOT NULL,
  `year_level_desc` varchar(50) NOT NULL
) ENGINE=InnoDB DEFAULT CHARSET=utf8mb4;

--
-- Dumping data for table `tbl_year_level`
--

INSERT INTO `tbl_year_level` (`year_level_id`, `year_level_desc`) VALUES
('YEAR001', '1st year'),
('YEAR002', '2nd year'),
('YEAR003', '3rd year'),
('YEAR004', '4th year'),
('YEAR005', '5th year');

--
-- Indexes for dumped tables
--

--
-- Indexes for table `cities`
--
ALTER TABLE `cities`
  ADD PRIMARY KEY (`city_id`),
  ADD KEY `province_id` (`province_id`);

--
-- Indexes for table `provinces`
--
ALTER TABLE `provinces`
  ADD PRIMARY KEY (`province_id`);

--
-- Indexes for table `tbl_acad_term`
--
ALTER TABLE `tbl_acad_term`
  ADD PRIMARY KEY (`term_id`);

--
-- Indexes for table `tbl_college`
--
ALTER TABLE `tbl_college`
  ADD PRIMARY KEY (`college_id`);

--
-- Indexes for table `tbl_company`
--
ALTER TABLE `tbl_company`
  ADD PRIMARY KEY (`company_id`),
  ADD KEY `company_address_id` (`company_address_id`),
  ADD KEY `company_contact_id` (`company_contact_id`),
  ADD KEY `company_moa_id` (`company_moa_id`),
  ADD KEY `userid` (`userid`);

--
-- Indexes for table `tbl_company_address1`
--
ALTER TABLE `tbl_company_address1`
  ADD PRIMARY KEY (`company_address_id`),
  ADD KEY `province_id` (`province_id`),
  ADD KEY `city_id` (`city_id`);

--
-- Indexes for table `tbl_company_contact`
--
ALTER TABLE `tbl_company_contact`
  ADD PRIMARY KEY (`company_contact_id`);

--
-- Indexes for table `tbl_company_dept`
--
ALTER TABLE `tbl_company_dept`
  ADD PRIMARY KEY (`department_id`);

--
-- Indexes for table `tbl_company_employee`
--
ALTER TABLE `tbl_company_employee`
  ADD PRIMARY KEY (`employee_id`),
  ADD KEY `company_id` (`company_id`),
  ADD KEY `department_id` (`department_id`),
  ADD KEY `userid` (`userid`);

--
-- Indexes for table `tbl_company_moa`
--
ALTER TABLE `tbl_company_moa`
  ADD PRIMARY KEY (`company_moa_id`);

--
-- Indexes for table `tbl_course`
--
ALTER TABLE `tbl_course`
  ADD PRIMARY KEY (`course_id`),
  ADD KEY `college_id` (`college_id`);

--
-- Indexes for table `tbl_internship_application`
--
ALTER TABLE `tbl_internship_application`
  ADD PRIMARY KEY (`application_id`),
  ADD KEY `userid` (`userid`),
  ADD KEY `educ_info_id` (`educ_info_id`),
  ADD KEY `contact_info_id` (`contact_info_id`),
  ADD KEY `emergency_info_id` (`emergency_info_id`),
  ADD KEY `internship_hrs_id` (`internship_hrs_id`),
  ADD KEY `term_id` (`term_id`);

--
-- Indexes for table `tbl_internship_application_credit`
--
ALTER TABLE `tbl_internship_application_credit`
  ADD PRIMARY KEY (`application_credit_id`),
  ADD KEY `application_id` (`application_id`),
  ADD KEY `credit_hrs_id` (`credit_hrs_id`);

--
-- Indexes for table `tbl_internship_application_files`
--
ALTER TABLE `tbl_internship_application_files`
  ADD PRIMARY KEY (`application_file_id`),
  ADD KEY `application_id` (`application_id`),
  ADD KEY `template_id` (`template_id`);

--
-- Indexes for table `tbl_internship_hours`
--
ALTER TABLE `tbl_internship_hours`
  ADD PRIMARY KEY (`internship_hrs_id`),
  ADD KEY `course_id` (`course_id`);

--
-- Indexes for table `tbl_internship_hours_credit`
--
ALTER TABLE `tbl_internship_hours_credit`
  ADD PRIMARY KEY (`credit_hrs_id`),
  ADD KEY `college_id` (`college_id`);

--
-- Indexes for table `tbl_job`
--
ALTER TABLE `tbl_job`
  ADD PRIMARY KEY (`job_id`),
  ADD KEY `company_id` (`company_id`),
  ADD KEY `userid` (`userid`);

--
-- Indexes for table `tbl_job_application`
--
ALTER TABLE `tbl_job_application`
  ADD PRIMARY KEY (`job_application_id`),
  ADD KEY `userid` (`userid`),
  ADD KEY `job_id` (`job_id`),
  ADD KEY `term_id` (`term_id`);

--
-- Indexes for table `tbl_job_application_desc`
--
ALTER TABLE `tbl_job_application_desc`
  ADD PRIMARY KEY (`job_application_id`);

--
-- Indexes for table `tbl_job_category`
--
ALTER TABLE `tbl_job_category`
  ADD PRIMARY KEY (`job_category_id`),
  ADD KEY `job_id` (`job_id`),
  ADD KEY `course_id` (`course_id`);

--
-- Indexes for table `tbl_orientation`
--
ALTER TABLE `tbl_orientation`
  ADD PRIMARY KEY (`orientation_id`),
  ADD KEY `term_id` (`term_id`),
  ADD KEY `venue_id` (`venue_id`);

--
-- Indexes for table `tbl_orientation_registration`
--
ALTER TABLE `tbl_orientation_registration`
  ADD PRIMARY KEY (`registration_id`),
  ADD KEY `userid` (`userid`),
  ADD KEY `orientation_id` (`orientation_id`);

--
-- Indexes for table `tbl_role`
--
ALTER TABLE `tbl_role`
  ADD PRIMARY KEY (`role_id`);

--
-- Indexes for table `tbl_section`
--
ALTER TABLE `tbl_section`
  ADD PRIMARY KEY (`section_id`),
  ADD KEY `course_id` (`course_id`),
  ADD KEY `college_id` (`college_id`);

--
-- Indexes for table `tbl_section_assignment`
--
ALTER TABLE `tbl_section_assignment`
  ADD PRIMARY KEY (`sec_assign_id`),
  ADD KEY `section_id` (`section_id`),
  ADD KEY `user_id` (`user_id`);

--
-- Indexes for table `tbl_status`
--
ALTER TABLE `tbl_status`
  ADD PRIMARY KEY (`status_id`);

--
-- Indexes for table `tbl_student_contact_info`
--
ALTER TABLE `tbl_student_contact_info`
  ADD PRIMARY KEY (`contact_info_id`),
  ADD KEY `userid` (`userid`);

--
-- Indexes for table `tbl_student_educ_info`
--
ALTER TABLE `tbl_student_educ_info`
  ADD PRIMARY KEY (`educ_info_id`),
  ADD KEY `college_id` (`college_id`),
  ADD KEY `course_id` (`course_id`),
  ADD KEY `userid` (`userid`),
  ADD KEY `year_level_id` (`year_level_id`);

--
-- Indexes for table `tbl_student_emergency_info`
--
ALTER TABLE `tbl_student_emergency_info`
  ADD PRIMARY KEY (`emergency_info_id`),
  ADD KEY `userid` (`userid`);

--
-- Indexes for table `tbl_student_section`
--
ALTER TABLE `tbl_student_section`
  ADD PRIMARY KEY (`id`),
  ADD KEY `section_id` (`section_id`),
  ADD KEY `user_id` (`user_id`),
  ADD KEY `term_id` (`term_id`);

--
-- Indexes for table `tbl_template`
--
ALTER TABLE `tbl_template`
  ADD PRIMARY KEY (`template_id`),
  ADD KEY `temp_category_id` (`temp_category_id`),
  ADD KEY `userid` (`userid`);

--
-- Indexes for table `tbl_template_category`
--
ALTER TABLE `tbl_template_category`
  ADD PRIMARY KEY (`temp_category_id`);

--
-- Indexes for table `tbl_user`
--
ALTER TABLE `tbl_user`
  ADD PRIMARY KEY (`userid`),
  ADD KEY `role_id` (`role_id`);

--
-- Indexes for table `tbl_venue`
--
ALTER TABLE `tbl_venue`
  ADD PRIMARY KEY (`venue_id`);

--
-- Indexes for table `tbl_year_level`
--
ALTER TABLE `tbl_year_level`
  ADD PRIMARY KEY (`year_level_id`);

--
-- AUTO_INCREMENT for dumped tables
--

--
-- AUTO_INCREMENT for table `tbl_student_section`
--
ALTER TABLE `tbl_student_section`
  MODIFY `id` int(11) NOT NULL AUTO_INCREMENT, AUTO_INCREMENT=8;

--
-- Constraints for dumped tables
--

--
-- Constraints for table `cities`
--
ALTER TABLE `cities`
  ADD CONSTRAINT `cities_ibfk_1` FOREIGN KEY (`province_id`) REFERENCES `provinces` (`province_id`);

--
-- Constraints for table `tbl_company`
--
ALTER TABLE `tbl_company`
  ADD CONSTRAINT `tbl_company_ibfk_1` FOREIGN KEY (`company_address_id`) REFERENCES `tbl_company_address1` (`company_address_id`),
  ADD CONSTRAINT `tbl_company_ibfk_2` FOREIGN KEY (`company_contact_id`) REFERENCES `tbl_company_contact` (`company_contact_id`),
  ADD CONSTRAINT `tbl_company_ibfk_3` FOREIGN KEY (`company_moa_id`) REFERENCES `tbl_company_moa` (`company_moa_id`),
  ADD CONSTRAINT `tbl_company_ibfk_4` FOREIGN KEY (`userid`) REFERENCES `tbl_user` (`userid`);

--
-- Constraints for table `tbl_company_address1`
--
ALTER TABLE `tbl_company_address1`
  ADD CONSTRAINT `tbl_company_address1_ibfk_2` FOREIGN KEY (`city_id`) REFERENCES `cities` (`city_id`),
  ADD CONSTRAINT `tbl_company_address1_ibfk_3` FOREIGN KEY (`province_id`) REFERENCES `provinces` (`province_id`);

--
-- Constraints for table `tbl_company_employee`
--
ALTER TABLE `tbl_company_employee`
  ADD CONSTRAINT `tbl_company_employee_ibfk_1` FOREIGN KEY (`userid`) REFERENCES `tbl_user` (`userid`),
  ADD CONSTRAINT `tbl_company_employee_ibfk_2` FOREIGN KEY (`company_id`) REFERENCES `tbl_company` (`company_id`),
  ADD CONSTRAINT `tbl_company_employee_ibfk_3` FOREIGN KEY (`department_id`) REFERENCES `tbl_company_dept` (`department_id`);

--
-- Constraints for table `tbl_course`
--
ALTER TABLE `tbl_course`
  ADD CONSTRAINT `tbl_course_ibfk_1` FOREIGN KEY (`college_id`) REFERENCES `tbl_college` (`college_id`);

--
-- Constraints for table `tbl_internship_application`
--
ALTER TABLE `tbl_internship_application`
  ADD CONSTRAINT `tbl_internship_application_ibfk_1` FOREIGN KEY (`educ_info_id`) REFERENCES `tbl_student_educ_info` (`educ_info_id`),
  ADD CONSTRAINT `tbl_internship_application_ibfk_2` FOREIGN KEY (`userid`) REFERENCES `tbl_user` (`userid`),
  ADD CONSTRAINT `tbl_internship_application_ibfk_3` FOREIGN KEY (`contact_info_id`) REFERENCES `tbl_student_contact_info` (`contact_info_id`),
  ADD CONSTRAINT `tbl_internship_application_ibfk_4` FOREIGN KEY (`emergency_info_id`) REFERENCES `tbl_student_emergency_info` (`emergency_info_id`),
  ADD CONSTRAINT `tbl_internship_application_ibfk_5` FOREIGN KEY (`internship_hrs_id`) REFERENCES `tbl_internship_hours` (`internship_hrs_id`),
  ADD CONSTRAINT `tbl_internship_application_ibfk_6` FOREIGN KEY (`term_id`) REFERENCES `tbl_acad_term` (`term_id`);

--
-- Constraints for table `tbl_internship_application_credit`
--
ALTER TABLE `tbl_internship_application_credit`
  ADD CONSTRAINT `tbl_internship_application_credit_ibfk_2` FOREIGN KEY (`credit_hrs_id`) REFERENCES `tbl_internship_hours_credit` (`credit_hrs_id`);

--
-- Constraints for table `tbl_internship_application_files`
--
ALTER TABLE `tbl_internship_application_files`
  ADD CONSTRAINT `tbl_internship_application_files_ibfk_2` FOREIGN KEY (`template_id`) REFERENCES `tbl_template` (`template_id`);

--
-- Constraints for table `tbl_internship_hours`
--
ALTER TABLE `tbl_internship_hours`
  ADD CONSTRAINT `tbl_internship_hours_ibfk_1` FOREIGN KEY (`course_id`) REFERENCES `tbl_course` (`course_id`);

--
-- Constraints for table `tbl_internship_hours_credit`
--
ALTER TABLE `tbl_internship_hours_credit`
  ADD CONSTRAINT `tbl_internship_hours_credit_ibfk_1` FOREIGN KEY (`college_id`) REFERENCES `tbl_college` (`college_id`);

--
-- Constraints for table `tbl_job`
--
ALTER TABLE `tbl_job`
  ADD CONSTRAINT `tbl_job_ibfk_1` FOREIGN KEY (`company_id`) REFERENCES `tbl_company` (`company_id`),
  ADD CONSTRAINT `tbl_job_ibfk_2` FOREIGN KEY (`userid`) REFERENCES `tbl_user` (`userid`);

--
-- Constraints for table `tbl_job_application`
--
ALTER TABLE `tbl_job_application`
  ADD CONSTRAINT `tbl_job_application_ibfk_1` FOREIGN KEY (`job_id`) REFERENCES `tbl_job` (`job_id`),
  ADD CONSTRAINT `tbl_job_application_ibfk_2` FOREIGN KEY (`userid`) REFERENCES `tbl_user` (`userid`),
  ADD CONSTRAINT `tbl_job_application_ibfk_3` FOREIGN KEY (`term_id`) REFERENCES `tbl_acad_term` (`term_id`);

--
-- Constraints for table `tbl_job_category`
--
ALTER TABLE `tbl_job_category`
  ADD CONSTRAINT `tbl_job_category_ibfk_1` FOREIGN KEY (`job_id`) REFERENCES `tbl_job` (`job_id`),
  ADD CONSTRAINT `tbl_job_category_ibfk_2` FOREIGN KEY (`course_id`) REFERENCES `tbl_course` (`course_id`);

--
-- Constraints for table `tbl_orientation`
--
ALTER TABLE `tbl_orientation`
  ADD CONSTRAINT `tbl_orientation_ibfk_1` FOREIGN KEY (`venue_id`) REFERENCES `tbl_venue` (`venue_id`),
  ADD CONSTRAINT `tbl_orientation_ibfk_2` FOREIGN KEY (`term_id`) REFERENCES `tbl_acad_term` (`term_id`);

--
-- Constraints for table `tbl_orientation_registration`
--
ALTER TABLE `tbl_orientation_registration`
  ADD CONSTRAINT `tbl_orientation_registration_ibfk_1` FOREIGN KEY (`orientation_id`) REFERENCES `tbl_orientation` (`orientation_id`),
  ADD CONSTRAINT `tbl_orientation_registration_ibfk_2` FOREIGN KEY (`userid`) REFERENCES `tbl_user` (`userid`);

--
-- Constraints for table `tbl_section`
--
ALTER TABLE `tbl_section`
  ADD CONSTRAINT `tbl_section_ibfk_1` FOREIGN KEY (`course_id`) REFERENCES `tbl_course` (`course_id`),
  ADD CONSTRAINT `tbl_section_ibfk_2` FOREIGN KEY (`college_id`) REFERENCES `tbl_college` (`college_id`);

--
-- Constraints for table `tbl_section_assignment`
--
ALTER TABLE `tbl_section_assignment`
  ADD CONSTRAINT `tbl_section_assignment_ibfk_1` FOREIGN KEY (`section_id`) REFERENCES `tbl_section` (`section_id`),
  ADD CONSTRAINT `tbl_section_assignment_ibfk_2` FOREIGN KEY (`user_id`) REFERENCES `tbl_user` (`userid`);

--
-- Constraints for table `tbl_student_contact_info`
--
ALTER TABLE `tbl_student_contact_info`
  ADD CONSTRAINT `tbl_student_contact_info_ibfk_1` FOREIGN KEY (`userid`) REFERENCES `tbl_user` (`userid`);

--
-- Constraints for table `tbl_student_educ_info`
--
ALTER TABLE `tbl_student_educ_info`
  ADD CONSTRAINT `tbl_student_educ_info_ibfk_1` FOREIGN KEY (`college_id`) REFERENCES `tbl_college` (`college_id`),
  ADD CONSTRAINT `tbl_student_educ_info_ibfk_2` FOREIGN KEY (`course_id`) REFERENCES `tbl_course` (`course_id`),
  ADD CONSTRAINT `tbl_student_educ_info_ibfk_3` FOREIGN KEY (`userid`) REFERENCES `tbl_user` (`userid`),
  ADD CONSTRAINT `tbl_student_educ_info_ibfk_4` FOREIGN KEY (`year_level_id`) REFERENCES `tbl_year_level` (`year_level_id`);

--
-- Constraints for table `tbl_student_emergency_info`
--
ALTER TABLE `tbl_student_emergency_info`
  ADD CONSTRAINT `tbl_student_emergency_info_ibfk_1` FOREIGN KEY (`userid`) REFERENCES `tbl_user` (`userid`);

--
-- Constraints for table `tbl_template`
--
ALTER TABLE `tbl_template`
  ADD CONSTRAINT `tbl_template_ibfk_1` FOREIGN KEY (`temp_category_id`) REFERENCES `tbl_template_category` (`temp_category_id`),
  ADD CONSTRAINT `tbl_template_ibfk_2` FOREIGN KEY (`userid`) REFERENCES `tbl_user` (`userid`);

--
-- Constraints for table `tbl_user`
--
ALTER TABLE `tbl_user`
  ADD CONSTRAINT `tbl_user_ibfk_1` FOREIGN KEY (`role_id`) REFERENCES `tbl_role` (`role_id`);
COMMIT;

/*!40101 SET CHARACTER_SET_CLIENT=@OLD_CHARACTER_SET_CLIENT */;
/*!40101 SET CHARACTER_SET_RESULTS=@OLD_CHARACTER_SET_RESULTS */;
/*!40101 SET COLLATION_CONNECTION=@OLD_COLLATION_CONNECTION */;
